Future.ID,Strategy.ID,Strategy,Fuel,Technology,Emission,Season,Year,SpecifiedAnnualDemand,CapacityFactor,OperationalLife,ResidualCapacity,InputActivityRatio,OutputActivityRatio,EmissionActivityRatio,CapitalCost,VariableCost,FixedCost,TotalAnnualMaxCapacity,TotalAnnualMinCapacity,TotalAnnualMaxCapacityInvestment,TotalAnnualMinCapacityInvestment,TotalTechnologyAnnualActivityUpperLimit,TotalTechnologyAnnualActivityLowerLimit,EmissionsPenalty,SpecifiedDemandProfile,YearSplit
0,0,BAU,E5_CEM_PRODCEM_PROD,,,,2018,2.7540480030306465,,,,,,,,,,,,,,,,,,
0,0,BAU,E5_CEM_PRODCEM_PROD,,,,2019,2.86702,,,,,,,,,,,,,,,,,,
0,0,BAU,E5_CEM_PRODCEM_PROD,,,,2020,2.92,,,,,,,,,,,,,,,,,,
0,0,BAU,E5_CEM_PRODCEM_PROD,,,,2021,3.6211199999999995,,,,,,,,,,,,,,,,,,
0,0,BAU,E5_CEM_PRODCEM_PROD,,,,2022,3.8986,,,,,,,,,,,,,,,,,,
0,0,BAU,E5_CEM_PRODCEM_PROD,,,,2023,5.708,,,,,,,,,,,,,,,,,,
0,0,BAU,E5_CEM_PRODCEM_PROD,,,,2024,6.096144000000001,,,,,,,,,,,,,,,,,,
0,0,BAU,E5_CEM_PRODCEM_PROD,,,,2025,6.510681792000001,,,,,,,,,,,,,,,,,,
0,0,BAU,E5_CEM_PRODCEM_PROD,,,,2026,6.953408153856,,,,,,,,,,,,,,,,,,
0,0,BAU,E5_CEM_PRODCEM_PROD,,,,2027,7.42623990831821,,,,,,,,,,,,,,,,,,
0,0,BAU,E5_CEM_PRODCEM_PROD,,,,2028,7.93122422208384,,,,,,,,,,,,,,,,,,
0,0,BAU,E5_CEM_PRODCEM_PROD,,,,2029,8.47054746918555,,,,,,,,,,,,,,,,,,
0,0,BAU,E5_CEM_PRODCEM_PROD,,,,2030,9.046544697090159,,,,,,,,,,,,,,,,,,
0,0,BAU,E5_CEM_PRODCEM_PROD,,,,2031,9.6617097364923,,,,,,,,,,,,,,,,,,
0,0,BAU,E5_CEM_PRODCEM_PROD,,,,2032,10.3187059985737,,,,,,,,,,,,,,,,,,
0,0,BAU,E5_CEM_PRODCEM_PROD,,,,2033,11.0203780064767,,,,,,,,,,,,,,,,,,
0,0,BAU,E5_CEM_PRODCEM_PROD,,,,2034,11.7697637109172,,,,,,,,,,,,,,,,,,
0,0,BAU,E5_CEM_PRODCEM_PROD,,,,2035,12.570107643259501,,,,,,,,,,,,,,,,,,
0,0,BAU,E5_CEM_PRODCEM_PROD,,,,2036,13.424874963001201,,,,,,,,,,,,,,,,,,
0,0,BAU,E5_CEM_PRODCEM_PROD,,,,2037,14.3377664604853,,,,,,,,,,,,,,,,,,
0,0,BAU,E5_CEM_PRODCEM_PROD,,,,2038,15.312734579798299,,,,,,,,,,,,,,,,,,
0,0,BAU,E5_CEM_PRODCEM_PROD,,,,2039,16.3540005312246,,,,,,,,,,,,,,,,,,
0,0,BAU,E5_CEM_PRODCEM_PROD,,,,2040,17.4660725673478,,,,,,,,,,,,,,,,,,
0,0,BAU,E5_CEM_PRODCEM_PROD,,,,2041,18.653765501927502,,,,,,,,,,,,,,,,,,
0,0,BAU,E5_CEM_PRODCEM_PROD,,,,2042,19.922221556058602,,,,,,,,,,,,,,,,,,
0,0,BAU,E5_CEM_PRODCEM_PROD,,,,2043,21.2769326218706,,,,,,,,,,,,,,,,,,
0,0,BAU,E5_CEM_PRODCEM_PROD,,,,2044,22.7237640401578,,,,,,,,,,,,,,,,,,
0,0,BAU,E5_CEM_PRODCEM_PROD,,,,2045,24.2689799948885,,,,,,,,,,,,,,,,,,
0,0,BAU,E5_CEM_PRODCEM_PROD,,,,2046,25.919270634540897,,,,,,,,,,,,,,,,,,
0,0,BAU,E5_CEM_PRODCEM_PROD,,,,2047,27.6817810376897,,,,,,,,,,,,,,,,,,
0,0,BAU,E5_CEM_PRODCEM_PROD,,,,2048,29.5641421482526,,,,,,,,,,,,,,,,,,
0,0,BAU,E5_CEM_PRODCEM_PROD,,,,2049,31.5745038143338,,,,,,,,,,,,,,,,,,
0,0,BAU,E5_CEM_PRODCEM_PROD,,,,2050,33.7215700737085,,,,,,,,,,,,,,,,,,
0,0,BAU,,PROD_CLK_TRAD,,All,2018,,1.0,,,,,,,,,,,,,,,,,
0,0,BAU,,PROD_CLK_TRAD,,All,2019,,1.0,,,,,,,,,,,,,,,,,
0,0,BAU,,PROD_CLK_TRAD,,All,2020,,1.0,,,,,,,,,,,,,,,,,
0,0,BAU,,PROD_CLK_TRAD,,All,2021,,1.0,,,,,,,,,,,,,,,,,
0,0,BAU,,PROD_CLK_TRAD,,All,2022,,1.0,,,,,,,,,,,,,,,,,
0,0,BAU,,PROD_CLK_TRAD,,All,2023,,1.0,,,,,,,,,,,,,,,,,
0,0,BAU,,PROD_CLK_TRAD,,All,2024,,1.0,,,,,,,,,,,,,,,,,
0,0,BAU,,PROD_CLK_TRAD,,All,2025,,1.0,,,,,,,,,,,,,,,,,
0,0,BAU,,PROD_CLK_TRAD,,All,2026,,1.0,,,,,,,,,,,,,,,,,
0,0,BAU,,PROD_CLK_TRAD,,All,2027,,1.0,,,,,,,,,,,,,,,,,
0,0,BAU,,PROD_CLK_TRAD,,All,2028,,1.0,,,,,,,,,,,,,,,,,
0,0,BAU,,PROD_CLK_TRAD,,All,2029,,1.0,,,,,,,,,,,,,,,,,
0,0,BAU,,PROD_CLK_TRAD,,All,2030,,1.0,,,,,,,,,,,,,,,,,
0,0,BAU,,PROD_CLK_TRAD,,All,2031,,1.0,,,,,,,,,,,,,,,,,
0,0,BAU,,PROD_CLK_TRAD,,All,2032,,1.0,,,,,,,,,,,,,,,,,
0,0,BAU,,PROD_CLK_TRAD,,All,2033,,1.0,,,,,,,,,,,,,,,,,
0,0,BAU,,PROD_CLK_TRAD,,All,2034,,1.0,,,,,,,,,,,,,,,,,
0,0,BAU,,PROD_CLK_TRAD,,All,2035,,1.0,,,,,,,,,,,,,,,,,
0,0,BAU,,PROD_CLK_TRAD,,All,2036,,1.0,,,,,,,,,,,,,,,,,
0,0,BAU,,PROD_CLK_TRAD,,All,2037,,1.0,,,,,,,,,,,,,,,,,
0,0,BAU,,PROD_CLK_TRAD,,All,2038,,1.0,,,,,,,,,,,,,,,,,
0,0,BAU,,PROD_CLK_TRAD,,All,2039,,1.0,,,,,,,,,,,,,,,,,
0,0,BAU,,PROD_CLK_TRAD,,All,2040,,1.0,,,,,,,,,,,,,,,,,
0,0,BAU,,PROD_CLK_TRAD,,All,2041,,1.0,,,,,,,,,,,,,,,,,
0,0,BAU,,PROD_CLK_TRAD,,All,2042,,1.0,,,,,,,,,,,,,,,,,
0,0,BAU,,PROD_CLK_TRAD,,All,2043,,1.0,,,,,,,,,,,,,,,,,
0,0,BAU,,PROD_CLK_TRAD,,All,2044,,1.0,,,,,,,,,,,,,,,,,
0,0,BAU,,PROD_CLK_TRAD,,All,2045,,1.0,,,,,,,,,,,,,,,,,
0,0,BAU,,PROD_CLK_TRAD,,All,2046,,1.0,,,,,,,,,,,,,,,,,
0,0,BAU,,PROD_CLK_TRAD,,All,2047,,1.0,,,,,,,,,,,,,,,,,
0,0,BAU,,PROD_CLK_TRAD,,All,2048,,1.0,,,,,,,,,,,,,,,,,
0,0,BAU,,PROD_CLK_TRAD,,All,2049,,1.0,,,,,,,,,,,,,,,,,
0,0,BAU,,PROD_CLK_TRAD,,All,2050,,1.0,,,,,,,,,,,,,,,,,
0,0,BAU,,PROD_CEM,,All,2018,,1.0,,,,,,,,,,,,,,,,,
0,0,BAU,,PROD_CEM,,All,2019,,1.0,,,,,,,,,,,,,,,,,
0,0,BAU,,PROD_CEM,,All,2020,,1.0,,,,,,,,,,,,,,,,,
0,0,BAU,,PROD_CEM,,All,2021,,1.0,,,,,,,,,,,,,,,,,
0,0,BAU,,PROD_CEM,,All,2022,,1.0,,,,,,,,,,,,,,,,,
0,0,BAU,,PROD_CEM,,All,2023,,1.0,,,,,,,,,,,,,,,,,
0,0,BAU,,PROD_CEM,,All,2024,,1.0,,,,,,,,,,,,,,,,,
0,0,BAU,,PROD_CEM,,All,2025,,1.0,,,,,,,,,,,,,,,,,
0,0,BAU,,PROD_CEM,,All,2026,,1.0,,,,,,,,,,,,,,,,,
0,0,BAU,,PROD_CEM,,All,2027,,1.0,,,,,,,,,,,,,,,,,
0,0,BAU,,PROD_CEM,,All,2028,,1.0,,,,,,,,,,,,,,,,,
0,0,BAU,,PROD_CEM,,All,2029,,1.0,,,,,,,,,,,,,,,,,
0,0,BAU,,PROD_CEM,,All,2030,,1.0,,,,,,,,,,,,,,,,,
0,0,BAU,,PROD_CEM,,All,2031,,1.0,,,,,,,,,,,,,,,,,
0,0,BAU,,PROD_CEM,,All,2032,,1.0,,,,,,,,,,,,,,,,,
0,0,BAU,,PROD_CEM,,All,2033,,1.0,,,,,,,,,,,,,,,,,
0,0,BAU,,PROD_CEM,,All,2034,,1.0,,,,,,,,,,,,,,,,,
0,0,BAU,,PROD_CEM,,All,2035,,1.0,,,,,,,,,,,,,,,,,
0,0,BAU,,PROD_CEM,,All,2036,,1.0,,,,,,,,,,,,,,,,,
0,0,BAU,,PROD_CEM,,All,2037,,1.0,,,,,,,,,,,,,,,,,
0,0,BAU,,PROD_CEM,,All,2038,,1.0,,,,,,,,,,,,,,,,,
0,0,BAU,,PROD_CEM,,All,2039,,1.0,,,,,,,,,,,,,,,,,
0,0,BAU,,PROD_CEM,,All,2040,,1.0,,,,,,,,,,,,,,,,,
0,0,BAU,,PROD_CEM,,All,2041,,1.0,,,,,,,,,,,,,,,,,
0,0,BAU,,PROD_CEM,,All,2042,,1.0,,,,,,,,,,,,,,,,,
0,0,BAU,,PROD_CEM,,All,2043,,1.0,,,,,,,,,,,,,,,,,
0,0,BAU,,PROD_CEM,,All,2044,,1.0,,,,,,,,,,,,,,,,,
0,0,BAU,,PROD_CEM,,All,2045,,1.0,,,,,,,,,,,,,,,,,
0,0,BAU,,PROD_CEM,,All,2046,,1.0,,,,,,,,,,,,,,,,,
0,0,BAU,,PROD_CEM,,All,2047,,1.0,,,,,,,,,,,,,,,,,
0,0,BAU,,PROD_CEM,,All,2048,,1.0,,,,,,,,,,,,,,,,,
0,0,BAU,,PROD_CEM,,All,2049,,1.0,,,,,,,,,,,,,,,,,
0,0,BAU,,PROD_CEM,,All,2050,,1.0,,,,,,,,,,,,,,,,,
0,0,BAU,,RAW_MAT_CLK,,,,,,100,,,,,,,,,,,,,,,,
0,0,BAU,,RAW_MAT_CEM,,,,,,100,,,,,,,,,,,,,,,,
0,0,BAU,,PROD_CLK_TRAD,,,,,,40,,,,,,,,,,,,,,,,
0,0,BAU,,PROD_CEM,,,,,,100,,,,,,,,,,,,,,,,
0,0,BAU,,T5CEM_PRODCEM_PROD,,,,,,100,,,,,,,,,,,,,,,,
0,0,BAU,,PROD_CLK_TRAD,,,2018,,,,0.0,,,,0.0,0.0,0.0,,,,,,0.0,,,
0,0,BAU,,PROD_CLK_TRAD,,,2019,,,,0.0,,,,0.0,0.0,0.0,,,,,,0.0,,,
0,0,BAU,,PROD_CLK_TRAD,,,2020,,,,0.0,,,,0.0,0.0,0.0,,,,,,0.0,,,
0,0,BAU,,PROD_CLK_TRAD,,,2021,,,,0.0,,,,0.0,0.0,0.0,,,,,,0.0,,,
0,0,BAU,,PROD_CLK_TRAD,,,2022,,,,0.0,,,,0.0,0.0,0.0,,,,,,0.0,,,
0,0,BAU,,PROD_CLK_TRAD,,,2023,,,,0.0,,,,0.0,0.0,0.0,,,,,,0.0,,,
0,0,BAU,,PROD_CLK_TRAD,,,2024,,,,0.0,,,,0.0,0.0,0.0,,,,,,0.0,,,
0,0,BAU,,PROD_CLK_TRAD,,,2025,,,,0.0,,,,0.0,0.0,0.0,,,,,,0.0,,,
0,0,BAU,,PROD_CLK_TRAD,,,2026,,,,0.0,,,,0.0,0.0,0.0,,,,,,0.0,,,
0,0,BAU,,PROD_CLK_TRAD,,,2027,,,,0.0,,,,0.0,0.0,0.0,,,,,,0.0,,,
0,0,BAU,,PROD_CLK_TRAD,,,2028,,,,0.0,,,,0.0,0.0,0.0,,,,,,0.0,,,
0,0,BAU,,PROD_CLK_TRAD,,,2029,,,,0.0,,,,0.0,0.0,0.0,,,,,,0.0,,,
0,0,BAU,,PROD_CLK_TRAD,,,2030,,,,0.0,,,,0.0,0.0,0.0,,,,,,0.0,,,
0,0,BAU,,PROD_CLK_TRAD,,,2031,,,,0.0,,,,0.0,0.0,0.0,,,,,,0.0,,,
0,0,BAU,,PROD_CLK_TRAD,,,2032,,,,0.0,,,,0.0,0.0,0.0,,,,,,0.0,,,
0,0,BAU,,PROD_CLK_TRAD,,,2033,,,,0.0,,,,0.0,0.0,0.0,,,,,,0.0,,,
0,0,BAU,,PROD_CLK_TRAD,,,2034,,,,0.0,,,,0.0,0.0,0.0,,,,,,0.0,,,
0,0,BAU,,PROD_CLK_TRAD,,,2035,,,,0.0,,,,0.0,0.0,0.0,,,,,,0.0,,,
0,0,BAU,,PROD_CLK_TRAD,,,2036,,,,0.0,,,,0.0,0.0,0.0,,,,,,0.0,,,
0,0,BAU,,PROD_CLK_TRAD,,,2037,,,,0.0,,,,0.0,0.0,0.0,,,,,,0.0,,,
0,0,BAU,,PROD_CLK_TRAD,,,2038,,,,0.0,,,,0.0,0.0,0.0,,,,,,0.0,,,
0,0,BAU,,PROD_CLK_TRAD,,,2039,,,,0.0,,,,0.0,0.0,0.0,,,,,,0.0,,,
0,0,BAU,,PROD_CLK_TRAD,,,2040,,,,0.0,,,,0.0,0.0,0.0,,,,,,0.0,,,
0,0,BAU,,PROD_CLK_TRAD,,,2041,,,,0.0,,,,0.0,0.0,0.0,,,,,,0.0,,,
0,0,BAU,,PROD_CLK_TRAD,,,2042,,,,0.0,,,,0.0,0.0,0.0,,,,,,0.0,,,
0,0,BAU,,PROD_CLK_TRAD,,,2043,,,,0.0,,,,0.0,0.0,0.0,,,,,,0.0,,,
0,0,BAU,,PROD_CLK_TRAD,,,2044,,,,0.0,,,,0.0,0.0,0.0,,,,,,0.0,,,
0,0,BAU,,PROD_CLK_TRAD,,,2045,,,,0.0,,,,0.0,0.0,0.0,,,,,,0.0,,,
0,0,BAU,,PROD_CLK_TRAD,,,2046,,,,0.0,,,,0.0,0.0,0.0,,,,,,0.0,,,
0,0,BAU,,PROD_CLK_TRAD,,,2047,,,,0.0,,,,0.0,0.0,0.0,,,,,,0.0,,,
0,0,BAU,,PROD_CLK_TRAD,,,2048,,,,0.0,,,,0.0,0.0,0.0,,,,,,0.0,,,
0,0,BAU,,PROD_CLK_TRAD,,,2049,,,,0.0,,,,0.0,0.0,0.0,,,,,,0.0,,,
0,0,BAU,,PROD_CLK_TRAD,,,2050,,,,0.0,,,,0.0,0.0,0.0,,,,,,0.0,,,
0,0,BAU,,PROD_CEM,,,2018,,,,0.0,,,,0.0,0.0,0.0,,,,,,0.0,,,
0,0,BAU,,PROD_CEM,,,2019,,,,0.0,,,,0.0,0.0,0.0,,,,,,0.0,,,
0,0,BAU,,PROD_CEM,,,2020,,,,0.0,,,,0.0,0.0,0.0,,,,,,0.0,,,
0,0,BAU,,PROD_CEM,,,2021,,,,0.0,,,,0.0,0.0,0.0,,,,,,0.0,,,
0,0,BAU,,PROD_CEM,,,2022,,,,0.0,,,,0.0,0.0,0.0,,,,,,0.0,,,
0,0,BAU,,PROD_CEM,,,2023,,,,0.0,,,,0.0,0.0,0.0,,,,,,0.0,,,
0,0,BAU,,PROD_CEM,,,2024,,,,0.0,,,,0.0,0.0,0.0,,,,,,0.0,,,
0,0,BAU,,PROD_CEM,,,2025,,,,0.0,,,,0.0,0.0,0.0,,,,,,0.0,,,
0,0,BAU,,PROD_CEM,,,2026,,,,0.0,,,,0.0,0.0,0.0,,,,,,0.0,,,
0,0,BAU,,PROD_CEM,,,2027,,,,0.0,,,,0.0,0.0,0.0,,,,,,0.0,,,
0,0,BAU,,PROD_CEM,,,2028,,,,0.0,,,,0.0,0.0,0.0,,,,,,0.0,,,
0,0,BAU,,PROD_CEM,,,2029,,,,0.0,,,,0.0,0.0,0.0,,,,,,0.0,,,
0,0,BAU,,PROD_CEM,,,2030,,,,0.0,,,,0.0,0.0,0.0,,,,,,0.0,,,
0,0,BAU,,PROD_CEM,,,2031,,,,0.0,,,,0.0,0.0,0.0,,,,,,0.0,,,
0,0,BAU,,PROD_CEM,,,2032,,,,0.0,,,,0.0,0.0,0.0,,,,,,0.0,,,
0,0,BAU,,PROD_CEM,,,2033,,,,0.0,,,,0.0,0.0,0.0,,,,,,0.0,,,
0,0,BAU,,PROD_CEM,,,2034,,,,0.0,,,,0.0,0.0,0.0,,,,,,0.0,,,
0,0,BAU,,PROD_CEM,,,2035,,,,0.0,,,,0.0,0.0,0.0,,,,,,0.0,,,
0,0,BAU,,PROD_CEM,,,2036,,,,0.0,,,,0.0,0.0,0.0,,,,,,0.0,,,
0,0,BAU,,PROD_CEM,,,2037,,,,0.0,,,,0.0,0.0,0.0,,,,,,0.0,,,
0,0,BAU,,PROD_CEM,,,2038,,,,0.0,,,,0.0,0.0,0.0,,,,,,0.0,,,
0,0,BAU,,PROD_CEM,,,2039,,,,0.0,,,,0.0,0.0,0.0,,,,,,0.0,,,
0,0,BAU,,PROD_CEM,,,2040,,,,0.0,,,,0.0,0.0,0.0,,,,,,0.0,,,
0,0,BAU,,PROD_CEM,,,2041,,,,0.0,,,,0.0,0.0,0.0,,,,,,0.0,,,
0,0,BAU,,PROD_CEM,,,2042,,,,0.0,,,,0.0,0.0,0.0,,,,,,0.0,,,
0,0,BAU,,PROD_CEM,,,2043,,,,0.0,,,,0.0,0.0,0.0,,,,,,0.0,,,
0,0,BAU,,PROD_CEM,,,2044,,,,0.0,,,,0.0,0.0,0.0,,,,,,0.0,,,
0,0,BAU,,PROD_CEM,,,2045,,,,0.0,,,,0.0,0.0,0.0,,,,,,0.0,,,
0,0,BAU,,PROD_CEM,,,2046,,,,0.0,,,,0.0,0.0,0.0,,,,,,0.0,,,
0,0,BAU,,PROD_CEM,,,2047,,,,0.0,,,,0.0,0.0,0.0,,,,,,0.0,,,
0,0,BAU,,PROD_CEM,,,2048,,,,0.0,,,,0.0,0.0,0.0,,,,,,0.0,,,
0,0,BAU,,PROD_CEM,,,2049,,,,0.0,,,,0.0,0.0,0.0,,,,,,0.0,,,
0,0,BAU,,PROD_CEM,,,2050,,,,0.0,,,,0.0,0.0,0.0,,,,,,0.0,,,
0,0,BAU,RAW_MAT_CLK,PROD_CLK_TRAD,,,2018,,,,,1.0,,,,,,,,,,,,,,
0,0,BAU,RAW_MAT_CLK,PROD_CLK_TRAD,,,2019,,,,,1.0,,,,,,,,,,,,,,
0,0,BAU,RAW_MAT_CLK,PROD_CLK_TRAD,,,2020,,,,,1.0,,,,,,,,,,,,,,
0,0,BAU,RAW_MAT_CLK,PROD_CLK_TRAD,,,2021,,,,,1.0,,,,,,,,,,,,,,
0,0,BAU,RAW_MAT_CLK,PROD_CLK_TRAD,,,2022,,,,,1.0,,,,,,,,,,,,,,
0,0,BAU,RAW_MAT_CLK,PROD_CLK_TRAD,,,2023,,,,,1.0,,,,,,,,,,,,,,
0,0,BAU,RAW_MAT_CLK,PROD_CLK_TRAD,,,2024,,,,,1.0,,,,,,,,,,,,,,
0,0,BAU,RAW_MAT_CLK,PROD_CLK_TRAD,,,2025,,,,,1.0,,,,,,,,,,,,,,
0,0,BAU,RAW_MAT_CLK,PROD_CLK_TRAD,,,2026,,,,,1.0,,,,,,,,,,,,,,
0,0,BAU,RAW_MAT_CLK,PROD_CLK_TRAD,,,2027,,,,,1.0,,,,,,,,,,,,,,
0,0,BAU,RAW_MAT_CLK,PROD_CLK_TRAD,,,2028,,,,,1.0,,,,,,,,,,,,,,
0,0,BAU,RAW_MAT_CLK,PROD_CLK_TRAD,,,2029,,,,,1.0,,,,,,,,,,,,,,
0,0,BAU,RAW_MAT_CLK,PROD_CLK_TRAD,,,2030,,,,,1.0,,,,,,,,,,,,,,
0,0,BAU,RAW_MAT_CLK,PROD_CLK_TRAD,,,2031,,,,,1.0,,,,,,,,,,,,,,
0,0,BAU,RAW_MAT_CLK,PROD_CLK_TRAD,,,2032,,,,,1.0,,,,,,,,,,,,,,
0,0,BAU,RAW_MAT_CLK,PROD_CLK_TRAD,,,2033,,,,,1.0,,,,,,,,,,,,,,
0,0,BAU,RAW_MAT_CLK,PROD_CLK_TRAD,,,2034,,,,,1.0,,,,,,,,,,,,,,
0,0,BAU,RAW_MAT_CLK,PROD_CLK_TRAD,,,2035,,,,,1.0,,,,,,,,,,,,,,
0,0,BAU,RAW_MAT_CLK,PROD_CLK_TRAD,,,2036,,,,,1.0,,,,,,,,,,,,,,
0,0,BAU,RAW_MAT_CLK,PROD_CLK_TRAD,,,2037,,,,,1.0,,,,,,,,,,,,,,
0,0,BAU,RAW_MAT_CLK,PROD_CLK_TRAD,,,2038,,,,,1.0,,,,,,,,,,,,,,
0,0,BAU,RAW_MAT_CLK,PROD_CLK_TRAD,,,2039,,,,,1.0,,,,,,,,,,,,,,
0,0,BAU,RAW_MAT_CLK,PROD_CLK_TRAD,,,2040,,,,,1.0,,,,,,,,,,,,,,
0,0,BAU,RAW_MAT_CLK,PROD_CLK_TRAD,,,2041,,,,,1.0,,,,,,,,,,,,,,
0,0,BAU,RAW_MAT_CLK,PROD_CLK_TRAD,,,2042,,,,,1.0,,,,,,,,,,,,,,
0,0,BAU,RAW_MAT_CLK,PROD_CLK_TRAD,,,2043,,,,,1.0,,,,,,,,,,,,,,
0,0,BAU,RAW_MAT_CLK,PROD_CLK_TRAD,,,2044,,,,,1.0,,,,,,,,,,,,,,
0,0,BAU,RAW_MAT_CLK,PROD_CLK_TRAD,,,2045,,,,,1.0,,,,,,,,,,,,,,
0,0,BAU,RAW_MAT_CLK,PROD_CLK_TRAD,,,2046,,,,,1.0,,,,,,,,,,,,,,
0,0,BAU,RAW_MAT_CLK,PROD_CLK_TRAD,,,2047,,,,,1.0,,,,,,,,,,,,,,
0,0,BAU,RAW_MAT_CLK,PROD_CLK_TRAD,,,2048,,,,,1.0,,,,,,,,,,,,,,
0,0,BAU,RAW_MAT_CLK,PROD_CLK_TRAD,,,2049,,,,,1.0,,,,,,,,,,,,,,
0,0,BAU,RAW_MAT_CLK,PROD_CLK_TRAD,,,2050,,,,,1.0,,,,,,,,,,,,,,
0,0,BAU,CLK_PROD,PROD_CEM,,,2018,,,,,0.691,,,,,,,,,,,,,,
0,0,BAU,CLK_PROD,PROD_CEM,,,2019,,,,,0.6857,,,,,,,,,,,,,,
0,0,BAU,CLK_PROD,PROD_CEM,,,2020,,,,,0.6785,,,,,,,,,,,,,,
0,0,BAU,CLK_PROD,PROD_CEM,,,2021,,,,,0.671,,,,,,,,,,,,,,
0,0,BAU,CLK_PROD,PROD_CEM,,,2022,,,,,0.677,,,,,,,,,,,,,,
0,0,BAU,CLK_PROD,PROD_CEM,,,2023,,,,,0.6849999999999999,,,,,,,,,,,,,,
0,0,BAU,CLK_PROD,PROD_CEM,,,2024,,,,,0.6862962962962963,,,,,,,,,,,,,,
0,0,BAU,CLK_PROD,PROD_CEM,,,2025,,,,,0.6875925925925925,,,,,,,,,,,,,,
0,0,BAU,CLK_PROD,PROD_CEM,,,2026,,,,,0.6888888888888889,,,,,,,,,,,,,,
0,0,BAU,CLK_PROD,PROD_CEM,,,2027,,,,,0.6901851851851851,,,,,,,,,,,,,,
0,0,BAU,CLK_PROD,PROD_CEM,,,2028,,,,,0.6914814814814815,,,,,,,,,,,,,,
0,0,BAU,CLK_PROD,PROD_CEM,,,2029,,,,,0.6927777777777777,,,,,,,,,,,,,,
0,0,BAU,CLK_PROD,PROD_CEM,,,2030,,,,,0.6940740740740741,,,,,,,,,,,,,,
0,0,BAU,CLK_PROD,PROD_CEM,,,2031,,,,,0.6953703703703703,,,,,,,,,,,,,,
0,0,BAU,CLK_PROD,PROD_CEM,,,2032,,,,,0.6966666666666667,,,,,,,,,,,,,,
0,0,BAU,CLK_PROD,PROD_CEM,,,2033,,,,,0.6979629629629629,,,,,,,,,,,,,,
0,0,BAU,CLK_PROD,PROD_CEM,,,2034,,,,,0.6992592592592592,,,,,,,,,,,,,,
0,0,BAU,CLK_PROD,PROD_CEM,,,2035,,,,,0.7005555555555555,,,,,,,,,,,,,,
0,0,BAU,CLK_PROD,PROD_CEM,,,2036,,,,,0.7018518518518518,,,,,,,,,,,,,,
0,0,BAU,CLK_PROD,PROD_CEM,,,2037,,,,,0.7031481481481481,,,,,,,,,,,,,,
0,0,BAU,CLK_PROD,PROD_CEM,,,2038,,,,,0.7044444444444444,,,,,,,,,,,,,,
0,0,BAU,CLK_PROD,PROD_CEM,,,2039,,,,,0.7057407407407407,,,,,,,,,,,,,,
0,0,BAU,CLK_PROD,PROD_CEM,,,2040,,,,,0.707037037037037,,,,,,,,,,,,,,
0,0,BAU,CLK_PROD,PROD_CEM,,,2041,,,,,0.7083333333333333,,,,,,,,,,,,,,
0,0,BAU,CLK_PROD,PROD_CEM,,,2042,,,,,0.7096296296296296,,,,,,,,,,,,,,
0,0,BAU,CLK_PROD,PROD_CEM,,,2043,,,,,0.7109259259259259,,,,,,,,,,,,,,
0,0,BAU,CLK_PROD,PROD_CEM,,,2044,,,,,0.7122222222222222,,,,,,,,,,,,,,
0,0,BAU,CLK_PROD,PROD_CEM,,,2045,,,,,0.7135185185185184,,,,,,,,,,,,,,
0,0,BAU,CLK_PROD,PROD_CEM,,,2046,,,,,0.7148148148148148,,,,,,,,,,,,,,
0,0,BAU,CLK_PROD,PROD_CEM,,,2047,,,,,0.716111111111111,,,,,,,,,,,,,,
0,0,BAU,CLK_PROD,PROD_CEM,,,2048,,,,,0.7174074074074074,,,,,,,,,,,,,,
0,0,BAU,CLK_PROD,PROD_CEM,,,2049,,,,,0.7187037037037036,,,,,,,,,,,,,,
0,0,BAU,CLK_PROD,PROD_CEM,,,2050,,,,,0.72,,,,,,,,,,,,,,
0,0,BAU,RAW_MAT_CEM,PROD_CEM,,,2018,,,,,0.30900000000000005,,,,,,,,,,,,,,
0,0,BAU,RAW_MAT_CEM,PROD_CEM,,,2019,,,,,0.3143,,,,,,,,,,,,,,
0,0,BAU,RAW_MAT_CEM,PROD_CEM,,,2020,,,,,0.3215,,,,,,,,,,,,,,
0,0,BAU,RAW_MAT_CEM,PROD_CEM,,,2021,,,,,0.32899999999999996,,,,,,,,,,,,,,
0,0,BAU,RAW_MAT_CEM,PROD_CEM,,,2022,,,,,0.32299999999999995,,,,,,,,,,,,,,
0,0,BAU,RAW_MAT_CEM,PROD_CEM,,,2023,,,,,0.31500000000000006,,,,,,,,,,,,,,
0,0,BAU,RAW_MAT_CEM,PROD_CEM,,,2024,,,,,0.3137037037037037,,,,,,,,,,,,,,
0,0,BAU,RAW_MAT_CEM,PROD_CEM,,,2025,,,,,0.31240740740740747,,,,,,,,,,,,,,
0,0,BAU,RAW_MAT_CEM,PROD_CEM,,,2026,,,,,0.3111111111111111,,,,,,,,,,,,,,
0,0,BAU,RAW_MAT_CEM,PROD_CEM,,,2027,,,,,0.3098148148148149,,,,,,,,,,,,,,
0,0,BAU,RAW_MAT_CEM,PROD_CEM,,,2028,,,,,0.3085185185185185,,,,,,,,,,,,,,
0,0,BAU,RAW_MAT_CEM,PROD_CEM,,,2029,,,,,0.3072222222222223,,,,,,,,,,,,,,
0,0,BAU,RAW_MAT_CEM,PROD_CEM,,,2030,,,,,0.30592592592592593,,,,,,,,,,,,,,
0,0,BAU,RAW_MAT_CEM,PROD_CEM,,,2031,,,,,0.3046296296296297,,,,,,,,,,,,,,
0,0,BAU,RAW_MAT_CEM,PROD_CEM,,,2032,,,,,0.30333333333333334,,,,,,,,,,,,,,
0,0,BAU,RAW_MAT_CEM,PROD_CEM,,,2033,,,,,0.3020370370370371,,,,,,,,,,,,,,
0,0,BAU,RAW_MAT_CEM,PROD_CEM,,,2034,,,,,0.30074074074074075,,,,,,,,,,,,,,
0,0,BAU,RAW_MAT_CEM,PROD_CEM,,,2035,,,,,0.2994444444444445,,,,,,,,,,,,,,
0,0,BAU,RAW_MAT_CEM,PROD_CEM,,,2036,,,,,0.29814814814814816,,,,,,,,,,,,,,
0,0,BAU,RAW_MAT_CEM,PROD_CEM,,,2037,,,,,0.2968518518518519,,,,,,,,,,,,,,
0,0,BAU,RAW_MAT_CEM,PROD_CEM,,,2038,,,,,0.29555555555555557,,,,,,,,,,,,,,
0,0,BAU,RAW_MAT_CEM,PROD_CEM,,,2039,,,,,0.29425925925925933,,,,,,,,,,,,,,
0,0,BAU,RAW_MAT_CEM,PROD_CEM,,,2040,,,,,0.292962962962963,,,,,,,,,,,,,,
0,0,BAU,RAW_MAT_CEM,PROD_CEM,,,2041,,,,,0.29166666666666674,,,,,,,,,,,,,,
0,0,BAU,RAW_MAT_CEM,PROD_CEM,,,2042,,,,,0.2903703703703704,,,,,,,,,,,,,,
0,0,BAU,RAW_MAT_CEM,PROD_CEM,,,2043,,,,,0.28907407407407415,,,,,,,,,,,,,,
0,0,BAU,RAW_MAT_CEM,PROD_CEM,,,2044,,,,,0.2877777777777778,,,,,,,,,,,,,,
0,0,BAU,RAW_MAT_CEM,PROD_CEM,,,2045,,,,,0.28648148148148156,,,,,,,,,,,,,,
0,0,BAU,RAW_MAT_CEM,PROD_CEM,,,2046,,,,,0.2851851851851852,,,,,,,,,,,,,,
0,0,BAU,RAW_MAT_CEM,PROD_CEM,,,2047,,,,,0.28388888888888897,,,,,,,,,,,,,,
0,0,BAU,RAW_MAT_CEM,PROD_CEM,,,2048,,,,,0.2825925925925926,,,,,,,,,,,,,,
0,0,BAU,RAW_MAT_CEM,PROD_CEM,,,2049,,,,,0.2812962962962964,,,,,,,,,,,,,,
0,0,BAU,RAW_MAT_CEM,PROD_CEM,,,2050,,,,,0.28,,,,,,,,,,,,,,
0,0,BAU,CEM_PROD,T5CEM_PRODCEM_PROD,,,2018,,,,,1.0,,,,,,,,,,,,,,
0,0,BAU,CEM_PROD,T5CEM_PRODCEM_PROD,,,2019,,,,,1.0,,,,,,,,,,,,,,
0,0,BAU,CEM_PROD,T5CEM_PRODCEM_PROD,,,2020,,,,,1.0,,,,,,,,,,,,,,
0,0,BAU,CEM_PROD,T5CEM_PRODCEM_PROD,,,2021,,,,,1.0,,,,,,,,,,,,,,
0,0,BAU,CEM_PROD,T5CEM_PRODCEM_PROD,,,2022,,,,,1.0,,,,,,,,,,,,,,
0,0,BAU,CEM_PROD,T5CEM_PRODCEM_PROD,,,2023,,,,,1.0,,,,,,,,,,,,,,
0,0,BAU,CEM_PROD,T5CEM_PRODCEM_PROD,,,2024,,,,,1.0,,,,,,,,,,,,,,
0,0,BAU,CEM_PROD,T5CEM_PRODCEM_PROD,,,2025,,,,,1.0,,,,,,,,,,,,,,
0,0,BAU,CEM_PROD,T5CEM_PRODCEM_PROD,,,2026,,,,,1.0,,,,,,,,,,,,,,
0,0,BAU,CEM_PROD,T5CEM_PRODCEM_PROD,,,2027,,,,,1.0,,,,,,,,,,,,,,
0,0,BAU,CEM_PROD,T5CEM_PRODCEM_PROD,,,2028,,,,,1.0,,,,,,,,,,,,,,
0,0,BAU,CEM_PROD,T5CEM_PRODCEM_PROD,,,2029,,,,,1.0,,,,,,,,,,,,,,
0,0,BAU,CEM_PROD,T5CEM_PRODCEM_PROD,,,2030,,,,,1.0,,,,,,,,,,,,,,
0,0,BAU,CEM_PROD,T5CEM_PRODCEM_PROD,,,2031,,,,,1.0,,,,,,,,,,,,,,
0,0,BAU,CEM_PROD,T5CEM_PRODCEM_PROD,,,2032,,,,,1.0,,,,,,,,,,,,,,
0,0,BAU,CEM_PROD,T5CEM_PRODCEM_PROD,,,2033,,,,,1.0,,,,,,,,,,,,,,
0,0,BAU,CEM_PROD,T5CEM_PRODCEM_PROD,,,2034,,,,,1.0,,,,,,,,,,,,,,
0,0,BAU,CEM_PROD,T5CEM_PRODCEM_PROD,,,2035,,,,,1.0,,,,,,,,,,,,,,
0,0,BAU,CEM_PROD,T5CEM_PRODCEM_PROD,,,2036,,,,,1.0,,,,,,,,,,,,,,
0,0,BAU,CEM_PROD,T5CEM_PRODCEM_PROD,,,2037,,,,,1.0,,,,,,,,,,,,,,
0,0,BAU,CEM_PROD,T5CEM_PRODCEM_PROD,,,2038,,,,,1.0,,,,,,,,,,,,,,
0,0,BAU,CEM_PROD,T5CEM_PRODCEM_PROD,,,2039,,,,,1.0,,,,,,,,,,,,,,
0,0,BAU,CEM_PROD,T5CEM_PRODCEM_PROD,,,2040,,,,,1.0,,,,,,,,,,,,,,
0,0,BAU,CEM_PROD,T5CEM_PRODCEM_PROD,,,2041,,,,,1.0,,,,,,,,,,,,,,
0,0,BAU,CEM_PROD,T5CEM_PRODCEM_PROD,,,2042,,,,,1.0,,,,,,,,,,,,,,
0,0,BAU,CEM_PROD,T5CEM_PRODCEM_PROD,,,2043,,,,,1.0,,,,,,,,,,,,,,
0,0,BAU,CEM_PROD,T5CEM_PRODCEM_PROD,,,2044,,,,,1.0,,,,,,,,,,,,,,
0,0,BAU,CEM_PROD,T5CEM_PRODCEM_PROD,,,2045,,,,,1.0,,,,,,,,,,,,,,
0,0,BAU,CEM_PROD,T5CEM_PRODCEM_PROD,,,2046,,,,,1.0,,,,,,,,,,,,,,
0,0,BAU,CEM_PROD,T5CEM_PRODCEM_PROD,,,2047,,,,,1.0,,,,,,,,,,,,,,
0,0,BAU,CEM_PROD,T5CEM_PRODCEM_PROD,,,2048,,,,,1.0,,,,,,,,,,,,,,
0,0,BAU,CEM_PROD,T5CEM_PRODCEM_PROD,,,2049,,,,,1.0,,,,,,,,,,,,,,
0,0,BAU,CEM_PROD,T5CEM_PRODCEM_PROD,,,2050,,,,,1.0,,,,,,,,,,,,,,
0,0,BAU,RAW_MAT_CLK,RAW_MAT_CLK,,,2018,,,,,,1,,,,,,,,,,,,,
0,0,BAU,RAW_MAT_CLK,RAW_MAT_CLK,,,2019,,,,,,1,,,,,,,,,,,,,
0,0,BAU,RAW_MAT_CLK,RAW_MAT_CLK,,,2020,,,,,,1,,,,,,,,,,,,,
0,0,BAU,RAW_MAT_CLK,RAW_MAT_CLK,,,2021,,,,,,1,,,,,,,,,,,,,
0,0,BAU,RAW_MAT_CLK,RAW_MAT_CLK,,,2022,,,,,,1,,,,,,,,,,,,,
0,0,BAU,RAW_MAT_CLK,RAW_MAT_CLK,,,2023,,,,,,1,,,,,,,,,,,,,
0,0,BAU,RAW_MAT_CLK,RAW_MAT_CLK,,,2024,,,,,,1,,,,,,,,,,,,,
0,0,BAU,RAW_MAT_CLK,RAW_MAT_CLK,,,2025,,,,,,1,,,,,,,,,,,,,
0,0,BAU,RAW_MAT_CLK,RAW_MAT_CLK,,,2026,,,,,,1,,,,,,,,,,,,,
0,0,BAU,RAW_MAT_CLK,RAW_MAT_CLK,,,2027,,,,,,1,,,,,,,,,,,,,
0,0,BAU,RAW_MAT_CLK,RAW_MAT_CLK,,,2028,,,,,,1,,,,,,,,,,,,,
0,0,BAU,RAW_MAT_CLK,RAW_MAT_CLK,,,2029,,,,,,1,,,,,,,,,,,,,
0,0,BAU,RAW_MAT_CLK,RAW_MAT_CLK,,,2030,,,,,,1,,,,,,,,,,,,,
0,0,BAU,RAW_MAT_CLK,RAW_MAT_CLK,,,2031,,,,,,1,,,,,,,,,,,,,
0,0,BAU,RAW_MAT_CLK,RAW_MAT_CLK,,,2032,,,,,,1,,,,,,,,,,,,,
0,0,BAU,RAW_MAT_CLK,RAW_MAT_CLK,,,2033,,,,,,1,,,,,,,,,,,,,
0,0,BAU,RAW_MAT_CLK,RAW_MAT_CLK,,,2034,,,,,,1,,,,,,,,,,,,,
0,0,BAU,RAW_MAT_CLK,RAW_MAT_CLK,,,2035,,,,,,1,,,,,,,,,,,,,
0,0,BAU,RAW_MAT_CLK,RAW_MAT_CLK,,,2036,,,,,,1,,,,,,,,,,,,,
0,0,BAU,RAW_MAT_CLK,RAW_MAT_CLK,,,2037,,,,,,1,,,,,,,,,,,,,
0,0,BAU,RAW_MAT_CLK,RAW_MAT_CLK,,,2038,,,,,,1,,,,,,,,,,,,,
0,0,BAU,RAW_MAT_CLK,RAW_MAT_CLK,,,2039,,,,,,1,,,,,,,,,,,,,
0,0,BAU,RAW_MAT_CLK,RAW_MAT_CLK,,,2040,,,,,,1,,,,,,,,,,,,,
0,0,BAU,RAW_MAT_CLK,RAW_MAT_CLK,,,2041,,,,,,1,,,,,,,,,,,,,
0,0,BAU,RAW_MAT_CLK,RAW_MAT_CLK,,,2042,,,,,,1,,,,,,,,,,,,,
0,0,BAU,RAW_MAT_CLK,RAW_MAT_CLK,,,2043,,,,,,1,,,,,,,,,,,,,
0,0,BAU,RAW_MAT_CLK,RAW_MAT_CLK,,,2044,,,,,,1,,,,,,,,,,,,,
0,0,BAU,RAW_MAT_CLK,RAW_MAT_CLK,,,2045,,,,,,1,,,,,,,,,,,,,
0,0,BAU,RAW_MAT_CLK,RAW_MAT_CLK,,,2046,,,,,,1,,,,,,,,,,,,,
0,0,BAU,RAW_MAT_CLK,RAW_MAT_CLK,,,2047,,,,,,1,,,,,,,,,,,,,
0,0,BAU,RAW_MAT_CLK,RAW_MAT_CLK,,,2048,,,,,,1,,,,,,,,,,,,,
0,0,BAU,RAW_MAT_CLK,RAW_MAT_CLK,,,2049,,,,,,1,,,,,,,,,,,,,
0,0,BAU,RAW_MAT_CLK,RAW_MAT_CLK,,,2050,,,,,,1,,,,,,,,,,,,,
0,0,BAU,RAW_MAT_CEM,RAW_MAT_CEM,,,2018,,,,,,1,,,,,,,,,,,,,
0,0,BAU,RAW_MAT_CEM,RAW_MAT_CEM,,,2019,,,,,,1,,,,,,,,,,,,,
0,0,BAU,RAW_MAT_CEM,RAW_MAT_CEM,,,2020,,,,,,1,,,,,,,,,,,,,
0,0,BAU,RAW_MAT_CEM,RAW_MAT_CEM,,,2021,,,,,,1,,,,,,,,,,,,,
0,0,BAU,RAW_MAT_CEM,RAW_MAT_CEM,,,2022,,,,,,1,,,,,,,,,,,,,
0,0,BAU,RAW_MAT_CEM,RAW_MAT_CEM,,,2023,,,,,,1,,,,,,,,,,,,,
0,0,BAU,RAW_MAT_CEM,RAW_MAT_CEM,,,2024,,,,,,1,,,,,,,,,,,,,
0,0,BAU,RAW_MAT_CEM,RAW_MAT_CEM,,,2025,,,,,,1,,,,,,,,,,,,,
0,0,BAU,RAW_MAT_CEM,RAW_MAT_CEM,,,2026,,,,,,1,,,,,,,,,,,,,
0,0,BAU,RAW_MAT_CEM,RAW_MAT_CEM,,,2027,,,,,,1,,,,,,,,,,,,,
0,0,BAU,RAW_MAT_CEM,RAW_MAT_CEM,,,2028,,,,,,1,,,,,,,,,,,,,
0,0,BAU,RAW_MAT_CEM,RAW_MAT_CEM,,,2029,,,,,,1,,,,,,,,,,,,,
0,0,BAU,RAW_MAT_CEM,RAW_MAT_CEM,,,2030,,,,,,1,,,,,,,,,,,,,
0,0,BAU,RAW_MAT_CEM,RAW_MAT_CEM,,,2031,,,,,,1,,,,,,,,,,,,,
0,0,BAU,RAW_MAT_CEM,RAW_MAT_CEM,,,2032,,,,,,1,,,,,,,,,,,,,
0,0,BAU,RAW_MAT_CEM,RAW_MAT_CEM,,,2033,,,,,,1,,,,,,,,,,,,,
0,0,BAU,RAW_MAT_CEM,RAW_MAT_CEM,,,2034,,,,,,1,,,,,,,,,,,,,
0,0,BAU,RAW_MAT_CEM,RAW_MAT_CEM,,,2035,,,,,,1,,,,,,,,,,,,,
0,0,BAU,RAW_MAT_CEM,RAW_MAT_CEM,,,2036,,,,,,1,,,,,,,,,,,,,
0,0,BAU,RAW_MAT_CEM,RAW_MAT_CEM,,,2037,,,,,,1,,,,,,,,,,,,,
0,0,BAU,RAW_MAT_CEM,RAW_MAT_CEM,,,2038,,,,,,1,,,,,,,,,,,,,
0,0,BAU,RAW_MAT_CEM,RAW_MAT_CEM,,,2039,,,,,,1,,,,,,,,,,,,,
0,0,BAU,RAW_MAT_CEM,RAW_MAT_CEM,,,2040,,,,,,1,,,,,,,,,,,,,
0,0,BAU,RAW_MAT_CEM,RAW_MAT_CEM,,,2041,,,,,,1,,,,,,,,,,,,,
0,0,BAU,RAW_MAT_CEM,RAW_MAT_CEM,,,2042,,,,,,1,,,,,,,,,,,,,
0,0,BAU,RAW_MAT_CEM,RAW_MAT_CEM,,,2043,,,,,,1,,,,,,,,,,,,,
0,0,BAU,RAW_MAT_CEM,RAW_MAT_CEM,,,2044,,,,,,1,,,,,,,,,,,,,
0,0,BAU,RAW_MAT_CEM,RAW_MAT_CEM,,,2045,,,,,,1,,,,,,,,,,,,,
0,0,BAU,RAW_MAT_CEM,RAW_MAT_CEM,,,2046,,,,,,1,,,,,,,,,,,,,
0,0,BAU,RAW_MAT_CEM,RAW_MAT_CEM,,,2047,,,,,,1,,,,,,,,,,,,,
0,0,BAU,RAW_MAT_CEM,RAW_MAT_CEM,,,2048,,,,,,1,,,,,,,,,,,,,
0,0,BAU,RAW_MAT_CEM,RAW_MAT_CEM,,,2049,,,,,,1,,,,,,,,,,,,,
0,0,BAU,RAW_MAT_CEM,RAW_MAT_CEM,,,2050,,,,,,1,,,,,,,,,,,,,
0,0,BAU,CLK_PROD,PROD_CLK_TRAD,,,2018,,,,,,1.0,,,,,,,,,,,,,
0,0,BAU,CLK_PROD,PROD_CLK_TRAD,,,2019,,,,,,1.0,,,,,,,,,,,,,
0,0,BAU,CLK_PROD,PROD_CLK_TRAD,,,2020,,,,,,1.0,,,,,,,,,,,,,
0,0,BAU,CLK_PROD,PROD_CLK_TRAD,,,2021,,,,,,1.0,,,,,,,,,,,,,
0,0,BAU,CLK_PROD,PROD_CLK_TRAD,,,2022,,,,,,1.0,,,,,,,,,,,,,
0,0,BAU,CLK_PROD,PROD_CLK_TRAD,,,2023,,,,,,1.0,,,,,,,,,,,,,
0,0,BAU,CLK_PROD,PROD_CLK_TRAD,,,2024,,,,,,1.0,,,,,,,,,,,,,
0,0,BAU,CLK_PROD,PROD_CLK_TRAD,,,2025,,,,,,1.0,,,,,,,,,,,,,
0,0,BAU,CLK_PROD,PROD_CLK_TRAD,,,2026,,,,,,1.0,,,,,,,,,,,,,
0,0,BAU,CLK_PROD,PROD_CLK_TRAD,,,2027,,,,,,1.0,,,,,,,,,,,,,
0,0,BAU,CLK_PROD,PROD_CLK_TRAD,,,2028,,,,,,1.0,,,,,,,,,,,,,
0,0,BAU,CLK_PROD,PROD_CLK_TRAD,,,2029,,,,,,1.0,,,,,,,,,,,,,
0,0,BAU,CLK_PROD,PROD_CLK_TRAD,,,2030,,,,,,1.0,,,,,,,,,,,,,
0,0,BAU,CLK_PROD,PROD_CLK_TRAD,,,2031,,,,,,1.0,,,,,,,,,,,,,
0,0,BAU,CLK_PROD,PROD_CLK_TRAD,,,2032,,,,,,1.0,,,,,,,,,,,,,
0,0,BAU,CLK_PROD,PROD_CLK_TRAD,,,2033,,,,,,1.0,,,,,,,,,,,,,
0,0,BAU,CLK_PROD,PROD_CLK_TRAD,,,2034,,,,,,1.0,,,,,,,,,,,,,
0,0,BAU,CLK_PROD,PROD_CLK_TRAD,,,2035,,,,,,1.0,,,,,,,,,,,,,
0,0,BAU,CLK_PROD,PROD_CLK_TRAD,,,2036,,,,,,1.0,,,,,,,,,,,,,
0,0,BAU,CLK_PROD,PROD_CLK_TRAD,,,2037,,,,,,1.0,,,,,,,,,,,,,
0,0,BAU,CLK_PROD,PROD_CLK_TRAD,,,2038,,,,,,1.0,,,,,,,,,,,,,
0,0,BAU,CLK_PROD,PROD_CLK_TRAD,,,2039,,,,,,1.0,,,,,,,,,,,,,
0,0,BAU,CLK_PROD,PROD_CLK_TRAD,,,2040,,,,,,1.0,,,,,,,,,,,,,
0,0,BAU,CLK_PROD,PROD_CLK_TRAD,,,2041,,,,,,1.0,,,,,,,,,,,,,
0,0,BAU,CLK_PROD,PROD_CLK_TRAD,,,2042,,,,,,1.0,,,,,,,,,,,,,
0,0,BAU,CLK_PROD,PROD_CLK_TRAD,,,2043,,,,,,1.0,,,,,,,,,,,,,
0,0,BAU,CLK_PROD,PROD_CLK_TRAD,,,2044,,,,,,1.0,,,,,,,,,,,,,
0,0,BAU,CLK_PROD,PROD_CLK_TRAD,,,2045,,,,,,1.0,,,,,,,,,,,,,
0,0,BAU,CLK_PROD,PROD_CLK_TRAD,,,2046,,,,,,1.0,,,,,,,,,,,,,
0,0,BAU,CLK_PROD,PROD_CLK_TRAD,,,2047,,,,,,1.0,,,,,,,,,,,,,
0,0,BAU,CLK_PROD,PROD_CLK_TRAD,,,2048,,,,,,1.0,,,,,,,,,,,,,
0,0,BAU,CLK_PROD,PROD_CLK_TRAD,,,2049,,,,,,1.0,,,,,,,,,,,,,
0,0,BAU,CLK_PROD,PROD_CLK_TRAD,,,2050,,,,,,1.0,,,,,,,,,,,,,
0,0,BAU,CEM_PROD,PROD_CEM,,,2018,,,,,,1.0,,,,,,,,,,,,,
0,0,BAU,CEM_PROD,PROD_CEM,,,2019,,,,,,1.0,,,,,,,,,,,,,
0,0,BAU,CEM_PROD,PROD_CEM,,,2020,,,,,,1.0,,,,,,,,,,,,,
0,0,BAU,CEM_PROD,PROD_CEM,,,2021,,,,,,1.0,,,,,,,,,,,,,
0,0,BAU,CEM_PROD,PROD_CEM,,,2022,,,,,,1.0,,,,,,,,,,,,,
0,0,BAU,CEM_PROD,PROD_CEM,,,2023,,,,,,1.0,,,,,,,,,,,,,
0,0,BAU,CEM_PROD,PROD_CEM,,,2024,,,,,,1.0,,,,,,,,,,,,,
0,0,BAU,CEM_PROD,PROD_CEM,,,2025,,,,,,1.0,,,,,,,,,,,,,
0,0,BAU,CEM_PROD,PROD_CEM,,,2026,,,,,,1.0,,,,,,,,,,,,,
0,0,BAU,CEM_PROD,PROD_CEM,,,2027,,,,,,1.0,,,,,,,,,,,,,
0,0,BAU,CEM_PROD,PROD_CEM,,,2028,,,,,,1.0,,,,,,,,,,,,,
0,0,BAU,CEM_PROD,PROD_CEM,,,2029,,,,,,1.0,,,,,,,,,,,,,
0,0,BAU,CEM_PROD,PROD_CEM,,,2030,,,,,,1.0,,,,,,,,,,,,,
0,0,BAU,CEM_PROD,PROD_CEM,,,2031,,,,,,1.0,,,,,,,,,,,,,
0,0,BAU,CEM_PROD,PROD_CEM,,,2032,,,,,,1.0,,,,,,,,,,,,,
0,0,BAU,CEM_PROD,PROD_CEM,,,2033,,,,,,1.0,,,,,,,,,,,,,
0,0,BAU,CEM_PROD,PROD_CEM,,,2034,,,,,,1.0,,,,,,,,,,,,,
0,0,BAU,CEM_PROD,PROD_CEM,,,2035,,,,,,1.0,,,,,,,,,,,,,
0,0,BAU,CEM_PROD,PROD_CEM,,,2036,,,,,,1.0,,,,,,,,,,,,,
0,0,BAU,CEM_PROD,PROD_CEM,,,2037,,,,,,1.0,,,,,,,,,,,,,
0,0,BAU,CEM_PROD,PROD_CEM,,,2038,,,,,,1.0,,,,,,,,,,,,,
0,0,BAU,CEM_PROD,PROD_CEM,,,2039,,,,,,1.0,,,,,,,,,,,,,
0,0,BAU,CEM_PROD,PROD_CEM,,,2040,,,,,,1.0,,,,,,,,,,,,,
0,0,BAU,CEM_PROD,PROD_CEM,,,2041,,,,,,1.0,,,,,,,,,,,,,
0,0,BAU,CEM_PROD,PROD_CEM,,,2042,,,,,,1.0,,,,,,,,,,,,,
0,0,BAU,CEM_PROD,PROD_CEM,,,2043,,,,,,1.0,,,,,,,,,,,,,
0,0,BAU,CEM_PROD,PROD_CEM,,,2044,,,,,,1.0,,,,,,,,,,,,,
0,0,BAU,CEM_PROD,PROD_CEM,,,2045,,,,,,1.0,,,,,,,,,,,,,
0,0,BAU,CEM_PROD,PROD_CEM,,,2046,,,,,,1.0,,,,,,,,,,,,,
0,0,BAU,CEM_PROD,PROD_CEM,,,2047,,,,,,1.0,,,,,,,,,,,,,
0,0,BAU,CEM_PROD,PROD_CEM,,,2048,,,,,,1.0,,,,,,,,,,,,,
0,0,BAU,CEM_PROD,PROD_CEM,,,2049,,,,,,1.0,,,,,,,,,,,,,
0,0,BAU,CEM_PROD,PROD_CEM,,,2050,,,,,,1.0,,,,,,,,,,,,,
0,0,BAU,E5_CEM_PRODCEM_PROD,T5CEM_PRODCEM_PROD,,,2018,,,,,,1,,,,,,,,,,,,,
0,0,BAU,E5_CEM_PRODCEM_PROD,T5CEM_PRODCEM_PROD,,,2019,,,,,,1,,,,,,,,,,,,,
0,0,BAU,E5_CEM_PRODCEM_PROD,T5CEM_PRODCEM_PROD,,,2020,,,,,,1,,,,,,,,,,,,,
0,0,BAU,E5_CEM_PRODCEM_PROD,T5CEM_PRODCEM_PROD,,,2021,,,,,,1,,,,,,,,,,,,,
0,0,BAU,E5_CEM_PRODCEM_PROD,T5CEM_PRODCEM_PROD,,,2022,,,,,,1,,,,,,,,,,,,,
0,0,BAU,E5_CEM_PRODCEM_PROD,T5CEM_PRODCEM_PROD,,,2023,,,,,,1,,,,,,,,,,,,,
0,0,BAU,E5_CEM_PRODCEM_PROD,T5CEM_PRODCEM_PROD,,,2024,,,,,,1,,,,,,,,,,,,,
0,0,BAU,E5_CEM_PRODCEM_PROD,T5CEM_PRODCEM_PROD,,,2025,,,,,,1,,,,,,,,,,,,,
0,0,BAU,E5_CEM_PRODCEM_PROD,T5CEM_PRODCEM_PROD,,,2026,,,,,,1,,,,,,,,,,,,,
0,0,BAU,E5_CEM_PRODCEM_PROD,T5CEM_PRODCEM_PROD,,,2027,,,,,,1,,,,,,,,,,,,,
0,0,BAU,E5_CEM_PRODCEM_PROD,T5CEM_PRODCEM_PROD,,,2028,,,,,,1,,,,,,,,,,,,,
0,0,BAU,E5_CEM_PRODCEM_PROD,T5CEM_PRODCEM_PROD,,,2029,,,,,,1,,,,,,,,,,,,,
0,0,BAU,E5_CEM_PRODCEM_PROD,T5CEM_PRODCEM_PROD,,,2030,,,,,,1,,,,,,,,,,,,,
0,0,BAU,E5_CEM_PRODCEM_PROD,T5CEM_PRODCEM_PROD,,,2031,,,,,,1,,,,,,,,,,,,,
0,0,BAU,E5_CEM_PRODCEM_PROD,T5CEM_PRODCEM_PROD,,,2032,,,,,,1,,,,,,,,,,,,,
0,0,BAU,E5_CEM_PRODCEM_PROD,T5CEM_PRODCEM_PROD,,,2033,,,,,,1,,,,,,,,,,,,,
0,0,BAU,E5_CEM_PRODCEM_PROD,T5CEM_PRODCEM_PROD,,,2034,,,,,,1,,,,,,,,,,,,,
0,0,BAU,E5_CEM_PRODCEM_PROD,T5CEM_PRODCEM_PROD,,,2035,,,,,,1,,,,,,,,,,,,,
0,0,BAU,E5_CEM_PRODCEM_PROD,T5CEM_PRODCEM_PROD,,,2036,,,,,,1,,,,,,,,,,,,,
0,0,BAU,E5_CEM_PRODCEM_PROD,T5CEM_PRODCEM_PROD,,,2037,,,,,,1,,,,,,,,,,,,,
0,0,BAU,E5_CEM_PRODCEM_PROD,T5CEM_PRODCEM_PROD,,,2038,,,,,,1,,,,,,,,,,,,,
0,0,BAU,E5_CEM_PRODCEM_PROD,T5CEM_PRODCEM_PROD,,,2039,,,,,,1,,,,,,,,,,,,,
0,0,BAU,E5_CEM_PRODCEM_PROD,T5CEM_PRODCEM_PROD,,,2040,,,,,,1,,,,,,,,,,,,,
0,0,BAU,E5_CEM_PRODCEM_PROD,T5CEM_PRODCEM_PROD,,,2041,,,,,,1,,,,,,,,,,,,,
0,0,BAU,E5_CEM_PRODCEM_PROD,T5CEM_PRODCEM_PROD,,,2042,,,,,,1,,,,,,,,,,,,,
0,0,BAU,E5_CEM_PRODCEM_PROD,T5CEM_PRODCEM_PROD,,,2043,,,,,,1,,,,,,,,,,,,,
0,0,BAU,E5_CEM_PRODCEM_PROD,T5CEM_PRODCEM_PROD,,,2044,,,,,,1,,,,,,,,,,,,,
0,0,BAU,E5_CEM_PRODCEM_PROD,T5CEM_PRODCEM_PROD,,,2045,,,,,,1,,,,,,,,,,,,,
0,0,BAU,E5_CEM_PRODCEM_PROD,T5CEM_PRODCEM_PROD,,,2046,,,,,,1,,,,,,,,,,,,,
0,0,BAU,E5_CEM_PRODCEM_PROD,T5CEM_PRODCEM_PROD,,,2047,,,,,,1,,,,,,,,,,,,,
0,0,BAU,E5_CEM_PRODCEM_PROD,T5CEM_PRODCEM_PROD,,,2048,,,,,,1,,,,,,,,,,,,,
0,0,BAU,E5_CEM_PRODCEM_PROD,T5CEM_PRODCEM_PROD,,,2049,,,,,,1,,,,,,,,,,,,,
0,0,BAU,E5_CEM_PRODCEM_PROD,T5CEM_PRODCEM_PROD,,,2050,,,,,,1,,,,,,,,,,,,,
0,0,BAU,,RAW_MAT_CLK,CO2e_CEM,,2018,,,,,,,0.0,,,,,,,,,,,,
0,0,BAU,,RAW_MAT_CLK,CO2e_CEM,,2019,,,,,,,0.0,,,,,,,,,,,,
0,0,BAU,,RAW_MAT_CLK,CO2e_CEM,,2020,,,,,,,0.0,,,,,,,,,,,,
0,0,BAU,,RAW_MAT_CLK,CO2e_CEM,,2021,,,,,,,0.0,,,,,,,,,,,,
0,0,BAU,,RAW_MAT_CLK,CO2e_CEM,,2022,,,,,,,0.0,,,,,,,,,,,,
0,0,BAU,,RAW_MAT_CLK,CO2e_CEM,,2023,,,,,,,0.0,,,,,,,,,,,,
0,0,BAU,,RAW_MAT_CLK,CO2e_CEM,,2024,,,,,,,0.0,,,,,,,,,,,,
0,0,BAU,,RAW_MAT_CLK,CO2e_CEM,,2025,,,,,,,0.0,,,,,,,,,,,,
0,0,BAU,,RAW_MAT_CLK,CO2e_CEM,,2026,,,,,,,0.0,,,,,,,,,,,,
0,0,BAU,,RAW_MAT_CLK,CO2e_CEM,,2027,,,,,,,0.0,,,,,,,,,,,,
0,0,BAU,,RAW_MAT_CLK,CO2e_CEM,,2028,,,,,,,0.0,,,,,,,,,,,,
0,0,BAU,,RAW_MAT_CLK,CO2e_CEM,,2029,,,,,,,0.0,,,,,,,,,,,,
0,0,BAU,,RAW_MAT_CLK,CO2e_CEM,,2030,,,,,,,0.0,,,,,,,,,,,,
0,0,BAU,,RAW_MAT_CLK,CO2e_CEM,,2031,,,,,,,0.0,,,,,,,,,,,,
0,0,BAU,,RAW_MAT_CLK,CO2e_CEM,,2032,,,,,,,0.0,,,,,,,,,,,,
0,0,BAU,,RAW_MAT_CLK,CO2e_CEM,,2033,,,,,,,0.0,,,,,,,,,,,,
0,0,BAU,,RAW_MAT_CLK,CO2e_CEM,,2034,,,,,,,0.0,,,,,,,,,,,,
0,0,BAU,,RAW_MAT_CLK,CO2e_CEM,,2035,,,,,,,0.0,,,,,,,,,,,,
0,0,BAU,,RAW_MAT_CLK,CO2e_CEM,,2036,,,,,,,0.0,,,,,,,,,,,,
0,0,BAU,,RAW_MAT_CLK,CO2e_CEM,,2037,,,,,,,0.0,,,,,,,,,,,,
0,0,BAU,,RAW_MAT_CLK,CO2e_CEM,,2038,,,,,,,0.0,,,,,,,,,,,,
0,0,BAU,,RAW_MAT_CLK,CO2e_CEM,,2039,,,,,,,0.0,,,,,,,,,,,,
0,0,BAU,,RAW_MAT_CLK,CO2e_CEM,,2040,,,,,,,0.0,,,,,,,,,,,,
0,0,BAU,,RAW_MAT_CLK,CO2e_CEM,,2041,,,,,,,0.0,,,,,,,,,,,,
0,0,BAU,,RAW_MAT_CLK,CO2e_CEM,,2042,,,,,,,0.0,,,,,,,,,,,,
0,0,BAU,,RAW_MAT_CLK,CO2e_CEM,,2043,,,,,,,0.0,,,,,,,,,,,,
0,0,BAU,,RAW_MAT_CLK,CO2e_CEM,,2044,,,,,,,0.0,,,,,,,,,,,,
0,0,BAU,,RAW_MAT_CLK,CO2e_CEM,,2045,,,,,,,0.0,,,,,,,,,,,,
0,0,BAU,,RAW_MAT_CLK,CO2e_CEM,,2046,,,,,,,0.0,,,,,,,,,,,,
0,0,BAU,,RAW_MAT_CLK,CO2e_CEM,,2047,,,,,,,0.0,,,,,,,,,,,,
0,0,BAU,,RAW_MAT_CLK,CO2e_CEM,,2048,,,,,,,0.0,,,,,,,,,,,,
0,0,BAU,,RAW_MAT_CLK,CO2e_CEM,,2049,,,,,,,0.0,,,,,,,,,,,,
0,0,BAU,,RAW_MAT_CLK,CO2e_CEM,,2050,,,,,,,0.0,,,,,,,,,,,,
0,0,BAU,,RAW_MAT_CEM,CO2e_CEM,,2018,,,,,,,0.0,,,,,,,,,,,,
0,0,BAU,,RAW_MAT_CEM,CO2e_CEM,,2019,,,,,,,0.0,,,,,,,,,,,,
0,0,BAU,,RAW_MAT_CEM,CO2e_CEM,,2020,,,,,,,0.0,,,,,,,,,,,,
0,0,BAU,,RAW_MAT_CEM,CO2e_CEM,,2021,,,,,,,0.0,,,,,,,,,,,,
0,0,BAU,,RAW_MAT_CEM,CO2e_CEM,,2022,,,,,,,0.0,,,,,,,,,,,,
0,0,BAU,,RAW_MAT_CEM,CO2e_CEM,,2023,,,,,,,0.0,,,,,,,,,,,,
0,0,BAU,,RAW_MAT_CEM,CO2e_CEM,,2024,,,,,,,0.0,,,,,,,,,,,,
0,0,BAU,,RAW_MAT_CEM,CO2e_CEM,,2025,,,,,,,0.0,,,,,,,,,,,,
0,0,BAU,,RAW_MAT_CEM,CO2e_CEM,,2026,,,,,,,0.0,,,,,,,,,,,,
0,0,BAU,,RAW_MAT_CEM,CO2e_CEM,,2027,,,,,,,0.0,,,,,,,,,,,,
0,0,BAU,,RAW_MAT_CEM,CO2e_CEM,,2028,,,,,,,0.0,,,,,,,,,,,,
0,0,BAU,,RAW_MAT_CEM,CO2e_CEM,,2029,,,,,,,0.0,,,,,,,,,,,,
0,0,BAU,,RAW_MAT_CEM,CO2e_CEM,,2030,,,,,,,0.0,,,,,,,,,,,,
0,0,BAU,,RAW_MAT_CEM,CO2e_CEM,,2031,,,,,,,0.0,,,,,,,,,,,,
0,0,BAU,,RAW_MAT_CEM,CO2e_CEM,,2032,,,,,,,0.0,,,,,,,,,,,,
0,0,BAU,,RAW_MAT_CEM,CO2e_CEM,,2033,,,,,,,0.0,,,,,,,,,,,,
0,0,BAU,,RAW_MAT_CEM,CO2e_CEM,,2034,,,,,,,0.0,,,,,,,,,,,,
0,0,BAU,,RAW_MAT_CEM,CO2e_CEM,,2035,,,,,,,0.0,,,,,,,,,,,,
0,0,BAU,,RAW_MAT_CEM,CO2e_CEM,,2036,,,,,,,0.0,,,,,,,,,,,,
0,0,BAU,,RAW_MAT_CEM,CO2e_CEM,,2037,,,,,,,0.0,,,,,,,,,,,,
0,0,BAU,,RAW_MAT_CEM,CO2e_CEM,,2038,,,,,,,0.0,,,,,,,,,,,,
0,0,BAU,,RAW_MAT_CEM,CO2e_CEM,,2039,,,,,,,0.0,,,,,,,,,,,,
0,0,BAU,,RAW_MAT_CEM,CO2e_CEM,,2040,,,,,,,0.0,,,,,,,,,,,,
0,0,BAU,,RAW_MAT_CEM,CO2e_CEM,,2041,,,,,,,0.0,,,,,,,,,,,,
0,0,BAU,,RAW_MAT_CEM,CO2e_CEM,,2042,,,,,,,0.0,,,,,,,,,,,,
0,0,BAU,,RAW_MAT_CEM,CO2e_CEM,,2043,,,,,,,0.0,,,,,,,,,,,,
0,0,BAU,,RAW_MAT_CEM,CO2e_CEM,,2044,,,,,,,0.0,,,,,,,,,,,,
0,0,BAU,,RAW_MAT_CEM,CO2e_CEM,,2045,,,,,,,0.0,,,,,,,,,,,,
0,0,BAU,,RAW_MAT_CEM,CO2e_CEM,,2046,,,,,,,0.0,,,,,,,,,,,,
0,0,BAU,,RAW_MAT_CEM,CO2e_CEM,,2047,,,,,,,0.0,,,,,,,,,,,,
0,0,BAU,,RAW_MAT_CEM,CO2e_CEM,,2048,,,,,,,0.0,,,,,,,,,,,,
0,0,BAU,,RAW_MAT_CEM,CO2e_CEM,,2049,,,,,,,0.0,,,,,,,,,,,,
0,0,BAU,,RAW_MAT_CEM,CO2e_CEM,,2050,,,,,,,0.0,,,,,,,,,,,,
0,0,BAU,,PROD_CLK_TRAD,CO2e_CEM,,2018,,,,,,,0.5203,,,,,,,,,,,,
0,0,BAU,,PROD_CLK_TRAD,CO2e_CEM,,2019,,,,,,,0.5203,,,,,,,,,,,,
0,0,BAU,,PROD_CLK_TRAD,CO2e_CEM,,2020,,,,,,,0.5203,,,,,,,,,,,,
0,0,BAU,,PROD_CLK_TRAD,CO2e_CEM,,2021,,,,,,,0.5203,,,,,,,,,,,,
0,0,BAU,,PROD_CLK_TRAD,CO2e_CEM,,2022,,,,,,,0.5203,,,,,,,,,,,,
0,0,BAU,,PROD_CLK_TRAD,CO2e_CEM,,2023,,,,,,,0.5203,,,,,,,,,,,,
0,0,BAU,,PROD_CLK_TRAD,CO2e_CEM,,2024,,,,,,,0.5203,,,,,,,,,,,,
0,0,BAU,,PROD_CLK_TRAD,CO2e_CEM,,2025,,,,,,,0.5203,,,,,,,,,,,,
0,0,BAU,,PROD_CLK_TRAD,CO2e_CEM,,2026,,,,,,,0.5203,,,,,,,,,,,,
0,0,BAU,,PROD_CLK_TRAD,CO2e_CEM,,2027,,,,,,,0.5203,,,,,,,,,,,,
0,0,BAU,,PROD_CLK_TRAD,CO2e_CEM,,2028,,,,,,,0.5203,,,,,,,,,,,,
0,0,BAU,,PROD_CLK_TRAD,CO2e_CEM,,2029,,,,,,,0.5203,,,,,,,,,,,,
0,0,BAU,,PROD_CLK_TRAD,CO2e_CEM,,2030,,,,,,,0.5203,,,,,,,,,,,,
0,0,BAU,,PROD_CLK_TRAD,CO2e_CEM,,2031,,,,,,,0.5203,,,,,,,,,,,,
0,0,BAU,,PROD_CLK_TRAD,CO2e_CEM,,2032,,,,,,,0.5203,,,,,,,,,,,,
0,0,BAU,,PROD_CLK_TRAD,CO2e_CEM,,2033,,,,,,,0.5203,,,,,,,,,,,,
0,0,BAU,,PROD_CLK_TRAD,CO2e_CEM,,2034,,,,,,,0.5203,,,,,,,,,,,,
0,0,BAU,,PROD_CLK_TRAD,CO2e_CEM,,2035,,,,,,,0.5203,,,,,,,,,,,,
0,0,BAU,,PROD_CLK_TRAD,CO2e_CEM,,2036,,,,,,,0.5203,,,,,,,,,,,,
0,0,BAU,,PROD_CLK_TRAD,CO2e_CEM,,2037,,,,,,,0.5203,,,,,,,,,,,,
0,0,BAU,,PROD_CLK_TRAD,CO2e_CEM,,2038,,,,,,,0.5203,,,,,,,,,,,,
0,0,BAU,,PROD_CLK_TRAD,CO2e_CEM,,2039,,,,,,,0.5203,,,,,,,,,,,,
0,0,BAU,,PROD_CLK_TRAD,CO2e_CEM,,2040,,,,,,,0.5203,,,,,,,,,,,,
0,0,BAU,,PROD_CLK_TRAD,CO2e_CEM,,2041,,,,,,,0.5203,,,,,,,,,,,,
0,0,BAU,,PROD_CLK_TRAD,CO2e_CEM,,2042,,,,,,,0.5203,,,,,,,,,,,,
0,0,BAU,,PROD_CLK_TRAD,CO2e_CEM,,2043,,,,,,,0.5203,,,,,,,,,,,,
0,0,BAU,,PROD_CLK_TRAD,CO2e_CEM,,2044,,,,,,,0.5203,,,,,,,,,,,,
0,0,BAU,,PROD_CLK_TRAD,CO2e_CEM,,2045,,,,,,,0.5203,,,,,,,,,,,,
0,0,BAU,,PROD_CLK_TRAD,CO2e_CEM,,2046,,,,,,,0.5203,,,,,,,,,,,,
0,0,BAU,,PROD_CLK_TRAD,CO2e_CEM,,2047,,,,,,,0.5203,,,,,,,,,,,,
0,0,BAU,,PROD_CLK_TRAD,CO2e_CEM,,2048,,,,,,,0.5203,,,,,,,,,,,,
0,0,BAU,,PROD_CLK_TRAD,CO2e_CEM,,2049,,,,,,,0.5203,,,,,,,,,,,,
0,0,BAU,,PROD_CLK_TRAD,CO2e_CEM,,2050,,,,,,,0.5203,,,,,,,,,,,,
0,0,BAU,,PROD_CEM,CO2e_CEM,,2018,,,,,,,0.0,,,,,,,,,,,,
0,0,BAU,,PROD_CEM,CO2e_CEM,,2019,,,,,,,0.0,,,,,,,,,,,,
0,0,BAU,,PROD_CEM,CO2e_CEM,,2020,,,,,,,0.0,,,,,,,,,,,,
0,0,BAU,,PROD_CEM,CO2e_CEM,,2021,,,,,,,0.0,,,,,,,,,,,,
0,0,BAU,,PROD_CEM,CO2e_CEM,,2022,,,,,,,0.0,,,,,,,,,,,,
0,0,BAU,,PROD_CEM,CO2e_CEM,,2023,,,,,,,0.0,,,,,,,,,,,,
0,0,BAU,,PROD_CEM,CO2e_CEM,,2024,,,,,,,0.0,,,,,,,,,,,,
0,0,BAU,,PROD_CEM,CO2e_CEM,,2025,,,,,,,0.0,,,,,,,,,,,,
0,0,BAU,,PROD_CEM,CO2e_CEM,,2026,,,,,,,0.0,,,,,,,,,,,,
0,0,BAU,,PROD_CEM,CO2e_CEM,,2027,,,,,,,0.0,,,,,,,,,,,,
0,0,BAU,,PROD_CEM,CO2e_CEM,,2028,,,,,,,0.0,,,,,,,,,,,,
0,0,BAU,,PROD_CEM,CO2e_CEM,,2029,,,,,,,0.0,,,,,,,,,,,,
0,0,BAU,,PROD_CEM,CO2e_CEM,,2030,,,,,,,0.0,,,,,,,,,,,,
0,0,BAU,,PROD_CEM,CO2e_CEM,,2031,,,,,,,0.0,,,,,,,,,,,,
0,0,BAU,,PROD_CEM,CO2e_CEM,,2032,,,,,,,0.0,,,,,,,,,,,,
0,0,BAU,,PROD_CEM,CO2e_CEM,,2033,,,,,,,0.0,,,,,,,,,,,,
0,0,BAU,,PROD_CEM,CO2e_CEM,,2034,,,,,,,0.0,,,,,,,,,,,,
0,0,BAU,,PROD_CEM,CO2e_CEM,,2035,,,,,,,0.0,,,,,,,,,,,,
0,0,BAU,,PROD_CEM,CO2e_CEM,,2036,,,,,,,0.0,,,,,,,,,,,,
0,0,BAU,,PROD_CEM,CO2e_CEM,,2037,,,,,,,0.0,,,,,,,,,,,,
0,0,BAU,,PROD_CEM,CO2e_CEM,,2038,,,,,,,0.0,,,,,,,,,,,,
0,0,BAU,,PROD_CEM,CO2e_CEM,,2039,,,,,,,0.0,,,,,,,,,,,,
0,0,BAU,,PROD_CEM,CO2e_CEM,,2040,,,,,,,0.0,,,,,,,,,,,,
0,0,BAU,,PROD_CEM,CO2e_CEM,,2041,,,,,,,0.0,,,,,,,,,,,,
0,0,BAU,,PROD_CEM,CO2e_CEM,,2042,,,,,,,0.0,,,,,,,,,,,,
0,0,BAU,,PROD_CEM,CO2e_CEM,,2043,,,,,,,0.0,,,,,,,,,,,,
0,0,BAU,,PROD_CEM,CO2e_CEM,,2044,,,,,,,0.0,,,,,,,,,,,,
0,0,BAU,,PROD_CEM,CO2e_CEM,,2045,,,,,,,0.0,,,,,,,,,,,,
0,0,BAU,,PROD_CEM,CO2e_CEM,,2046,,,,,,,0.0,,,,,,,,,,,,
0,0,BAU,,PROD_CEM,CO2e_CEM,,2047,,,,,,,0.0,,,,,,,,,,,,
0,0,BAU,,PROD_CEM,CO2e_CEM,,2048,,,,,,,0.0,,,,,,,,,,,,
0,0,BAU,,PROD_CEM,CO2e_CEM,,2049,,,,,,,0.0,,,,,,,,,,,,
0,0,BAU,,PROD_CEM,CO2e_CEM,,2050,,,,,,,0.0,,,,,,,,,,,,
0,0,BAU,,PROD_CAL,CO2e_CAL,,2018,,,,,,,1.0,,,,,,,,,,,,
0,0,BAU,,PROD_CAL,CO2e_CAL,,2019,,,,,,,1.0,,,,,,,,,,,,
0,0,BAU,,PROD_CAL,CO2e_CAL,,2020,,,,,,,1.0,,,,,,,,,,,,
0,0,BAU,,PROD_CAL,CO2e_CAL,,2021,,,,,,,1.0,,,,,,,,,,,,
0,0,BAU,,PROD_CAL,CO2e_CAL,,2022,,,,,,,1.0,,,,,,,,,,,,
0,0,BAU,,PROD_CAL,CO2e_CAL,,2023,,,,,,,1.0,,,,,,,,,,,,
0,0,BAU,,PROD_CAL,CO2e_CAL,,2024,,,,,,,1.0,,,,,,,,,,,,
0,0,BAU,,PROD_CAL,CO2e_CAL,,2025,,,,,,,1.0,,,,,,,,,,,,
0,0,BAU,,PROD_CAL,CO2e_CAL,,2026,,,,,,,1.0,,,,,,,,,,,,
0,0,BAU,,PROD_CAL,CO2e_CAL,,2027,,,,,,,1.0,,,,,,,,,,,,
0,0,BAU,,PROD_CAL,CO2e_CAL,,2028,,,,,,,1.0,,,,,,,,,,,,
0,0,BAU,,PROD_CAL,CO2e_CAL,,2029,,,,,,,1.0,,,,,,,,,,,,
0,0,BAU,,PROD_CAL,CO2e_CAL,,2030,,,,,,,1.0,,,,,,,,,,,,
0,0,BAU,,PROD_CAL,CO2e_CAL,,2031,,,,,,,1.0,,,,,,,,,,,,
0,0,BAU,,PROD_CAL,CO2e_CAL,,2032,,,,,,,1.0,,,,,,,,,,,,
0,0,BAU,,PROD_CAL,CO2e_CAL,,2033,,,,,,,1.0,,,,,,,,,,,,
0,0,BAU,,PROD_CAL,CO2e_CAL,,2034,,,,,,,1.0,,,,,,,,,,,,
0,0,BAU,,PROD_CAL,CO2e_CAL,,2035,,,,,,,1.0,,,,,,,,,,,,
0,0,BAU,,PROD_CAL,CO2e_CAL,,2036,,,,,,,1.0,,,,,,,,,,,,
0,0,BAU,,PROD_CAL,CO2e_CAL,,2037,,,,,,,1.0,,,,,,,,,,,,
0,0,BAU,,PROD_CAL,CO2e_CAL,,2038,,,,,,,1.0,,,,,,,,,,,,
0,0,BAU,,PROD_CAL,CO2e_CAL,,2039,,,,,,,1.0,,,,,,,,,,,,
0,0,BAU,,PROD_CAL,CO2e_CAL,,2040,,,,,,,1.0,,,,,,,,,,,,
0,0,BAU,,PROD_CAL,CO2e_CAL,,2041,,,,,,,1.0,,,,,,,,,,,,
0,0,BAU,,PROD_CAL,CO2e_CAL,,2042,,,,,,,1.0,,,,,,,,,,,,
0,0,BAU,,PROD_CAL,CO2e_CAL,,2043,,,,,,,1.0,,,,,,,,,,,,
0,0,BAU,,PROD_CAL,CO2e_CAL,,2044,,,,,,,1.0,,,,,,,,,,,,
0,0,BAU,,PROD_CAL,CO2e_CAL,,2045,,,,,,,1.0,,,,,,,,,,,,
0,0,BAU,,PROD_CAL,CO2e_CAL,,2046,,,,,,,1.0,,,,,,,,,,,,
0,0,BAU,,PROD_CAL,CO2e_CAL,,2047,,,,,,,1.0,,,,,,,,,,,,
0,0,BAU,,PROD_CAL,CO2e_CAL,,2048,,,,,,,1.0,,,,,,,,,,,,
0,0,BAU,,PROD_CAL,CO2e_CAL,,2049,,,,,,,1.0,,,,,,,,,,,,
0,0,BAU,,PROD_CAL,CO2e_CAL,,2050,,,,,,,1.0,,,,,,,,,,,,
0,0,BAU,,PROD_VID,CO2e_VID,,2018,,,,,,,1.0,,,,,,,,,,,,
0,0,BAU,,PROD_VID,CO2e_VID,,2019,,,,,,,1.0,,,,,,,,,,,,
0,0,BAU,,PROD_VID,CO2e_VID,,2020,,,,,,,1.0,,,,,,,,,,,,
0,0,BAU,,PROD_VID,CO2e_VID,,2021,,,,,,,1.0,,,,,,,,,,,,
0,0,BAU,,PROD_VID,CO2e_VID,,2022,,,,,,,1.0,,,,,,,,,,,,
0,0,BAU,,PROD_VID,CO2e_VID,,2023,,,,,,,1.0,,,,,,,,,,,,
0,0,BAU,,PROD_VID,CO2e_VID,,2024,,,,,,,1.0,,,,,,,,,,,,
0,0,BAU,,PROD_VID,CO2e_VID,,2025,,,,,,,1.0,,,,,,,,,,,,
0,0,BAU,,PROD_VID,CO2e_VID,,2026,,,,,,,1.0,,,,,,,,,,,,
0,0,BAU,,PROD_VID,CO2e_VID,,2027,,,,,,,1.0,,,,,,,,,,,,
0,0,BAU,,PROD_VID,CO2e_VID,,2028,,,,,,,1.0,,,,,,,,,,,,
0,0,BAU,,PROD_VID,CO2e_VID,,2029,,,,,,,1.0,,,,,,,,,,,,
0,0,BAU,,PROD_VID,CO2e_VID,,2030,,,,,,,1.0,,,,,,,,,,,,
0,0,BAU,,PROD_VID,CO2e_VID,,2031,,,,,,,1.0,,,,,,,,,,,,
0,0,BAU,,PROD_VID,CO2e_VID,,2032,,,,,,,1.0,,,,,,,,,,,,
0,0,BAU,,PROD_VID,CO2e_VID,,2033,,,,,,,1.0,,,,,,,,,,,,
0,0,BAU,,PROD_VID,CO2e_VID,,2034,,,,,,,1.0,,,,,,,,,,,,
0,0,BAU,,PROD_VID,CO2e_VID,,2035,,,,,,,1.0,,,,,,,,,,,,
0,0,BAU,,PROD_VID,CO2e_VID,,2036,,,,,,,1.0,,,,,,,,,,,,
0,0,BAU,,PROD_VID,CO2e_VID,,2037,,,,,,,1.0,,,,,,,,,,,,
0,0,BAU,,PROD_VID,CO2e_VID,,2038,,,,,,,1.0,,,,,,,,,,,,
0,0,BAU,,PROD_VID,CO2e_VID,,2039,,,,,,,1.0,,,,,,,,,,,,
0,0,BAU,,PROD_VID,CO2e_VID,,2040,,,,,,,1.0,,,,,,,,,,,,
0,0,BAU,,PROD_VID,CO2e_VID,,2041,,,,,,,1.0,,,,,,,,,,,,
0,0,BAU,,PROD_VID,CO2e_VID,,2042,,,,,,,1.0,,,,,,,,,,,,
0,0,BAU,,PROD_VID,CO2e_VID,,2043,,,,,,,1.0,,,,,,,,,,,,
0,0,BAU,,PROD_VID,CO2e_VID,,2044,,,,,,,1.0,,,,,,,,,,,,
0,0,BAU,,PROD_VID,CO2e_VID,,2045,,,,,,,1.0,,,,,,,,,,,,
0,0,BAU,,PROD_VID,CO2e_VID,,2046,,,,,,,1.0,,,,,,,,,,,,
0,0,BAU,,PROD_VID,CO2e_VID,,2047,,,,,,,1.0,,,,,,,,,,,,
0,0,BAU,,PROD_VID,CO2e_VID,,2048,,,,,,,1.0,,,,,,,,,,,,
0,0,BAU,,PROD_VID,CO2e_VID,,2049,,,,,,,1.0,,,,,,,,,,,,
0,0,BAU,,PROD_VID,CO2e_VID,,2050,,,,,,,1.0,,,,,,,,,,,,
0,0,BAU,,CARBO_PROC,CO2e_CARBONATO,,2018,,,,,,,1.0,,,,,,,,,,,,
0,0,BAU,,CARBO_PROC,CO2e_CARBONATO,,2019,,,,,,,1.0,,,,,,,,,,,,
0,0,BAU,,CARBO_PROC,CO2e_CARBONATO,,2020,,,,,,,1.0,,,,,,,,,,,,
0,0,BAU,,CARBO_PROC,CO2e_CARBONATO,,2021,,,,,,,1.0,,,,,,,,,,,,
0,0,BAU,,CARBO_PROC,CO2e_CARBONATO,,2022,,,,,,,1.0,,,,,,,,,,,,
0,0,BAU,,CARBO_PROC,CO2e_CARBONATO,,2023,,,,,,,1.0,,,,,,,,,,,,
0,0,BAU,,CARBO_PROC,CO2e_CARBONATO,,2024,,,,,,,1.0,,,,,,,,,,,,
0,0,BAU,,CARBO_PROC,CO2e_CARBONATO,,2025,,,,,,,1.0,,,,,,,,,,,,
0,0,BAU,,CARBO_PROC,CO2e_CARBONATO,,2026,,,,,,,1.0,,,,,,,,,,,,
0,0,BAU,,CARBO_PROC,CO2e_CARBONATO,,2027,,,,,,,1.0,,,,,,,,,,,,
0,0,BAU,,CARBO_PROC,CO2e_CARBONATO,,2028,,,,,,,1.0,,,,,,,,,,,,
0,0,BAU,,CARBO_PROC,CO2e_CARBONATO,,2029,,,,,,,1.0,,,,,,,,,,,,
0,0,BAU,,CARBO_PROC,CO2e_CARBONATO,,2030,,,,,,,1.0,,,,,,,,,,,,
0,0,BAU,,CARBO_PROC,CO2e_CARBONATO,,2031,,,,,,,1.0,,,,,,,,,,,,
0,0,BAU,,CARBO_PROC,CO2e_CARBONATO,,2032,,,,,,,1.0,,,,,,,,,,,,
0,0,BAU,,CARBO_PROC,CO2e_CARBONATO,,2033,,,,,,,1.0,,,,,,,,,,,,
0,0,BAU,,CARBO_PROC,CO2e_CARBONATO,,2034,,,,,,,1.0,,,,,,,,,,,,
0,0,BAU,,CARBO_PROC,CO2e_CARBONATO,,2035,,,,,,,1.0,,,,,,,,,,,,
0,0,BAU,,CARBO_PROC,CO2e_CARBONATO,,2036,,,,,,,1.0,,,,,,,,,,,,
0,0,BAU,,CARBO_PROC,CO2e_CARBONATO,,2037,,,,,,,1.0,,,,,,,,,,,,
0,0,BAU,,CARBO_PROC,CO2e_CARBONATO,,2038,,,,,,,1.0,,,,,,,,,,,,
0,0,BAU,,CARBO_PROC,CO2e_CARBONATO,,2039,,,,,,,1.0,,,,,,,,,,,,
0,0,BAU,,CARBO_PROC,CO2e_CARBONATO,,2040,,,,,,,1.0,,,,,,,,,,,,
0,0,BAU,,CARBO_PROC,CO2e_CARBONATO,,2041,,,,,,,1.0,,,,,,,,,,,,
0,0,BAU,,CARBO_PROC,CO2e_CARBONATO,,2042,,,,,,,1.0,,,,,,,,,,,,
0,0,BAU,,CARBO_PROC,CO2e_CARBONATO,,2043,,,,,,,1.0,,,,,,,,,,,,
0,0,BAU,,CARBO_PROC,CO2e_CARBONATO,,2044,,,,,,,1.0,,,,,,,,,,,,
0,0,BAU,,CARBO_PROC,CO2e_CARBONATO,,2045,,,,,,,1.0,,,,,,,,,,,,
0,0,BAU,,CARBO_PROC,CO2e_CARBONATO,,2046,,,,,,,1.0,,,,,,,,,,,,
0,0,BAU,,CARBO_PROC,CO2e_CARBONATO,,2047,,,,,,,1.0,,,,,,,,,,,,
0,0,BAU,,CARBO_PROC,CO2e_CARBONATO,,2048,,,,,,,1.0,,,,,,,,,,,,
0,0,BAU,,CARBO_PROC,CO2e_CARBONATO,,2049,,,,,,,1.0,,,,,,,,,,,,
0,0,BAU,,CARBO_PROC,CO2e_CARBONATO,,2050,,,,,,,1.0,,,,,,,,,,,,
0,0,BAU,,PROD_HIER,CO2e_HIER,,2018,,,,,,,1.0,,,,,,,,,,,,
0,0,BAU,,PROD_HIER,CO2e_HIER,,2019,,,,,,,1.0,,,,,,,,,,,,
0,0,BAU,,PROD_HIER,CO2e_HIER,,2020,,,,,,,1.0,,,,,,,,,,,,
0,0,BAU,,PROD_HIER,CO2e_HIER,,2021,,,,,,,1.0,,,,,,,,,,,,
0,0,BAU,,PROD_HIER,CO2e_HIER,,2022,,,,,,,1.0,,,,,,,,,,,,
0,0,BAU,,PROD_HIER,CO2e_HIER,,2023,,,,,,,1.0,,,,,,,,,,,,
0,0,BAU,,PROD_HIER,CO2e_HIER,,2024,,,,,,,1.0,,,,,,,,,,,,
0,0,BAU,,PROD_HIER,CO2e_HIER,,2025,,,,,,,1.0,,,,,,,,,,,,
0,0,BAU,,PROD_HIER,CO2e_HIER,,2026,,,,,,,1.0,,,,,,,,,,,,
0,0,BAU,,PROD_HIER,CO2e_HIER,,2027,,,,,,,1.0,,,,,,,,,,,,
0,0,BAU,,PROD_HIER,CO2e_HIER,,2028,,,,,,,1.0,,,,,,,,,,,,
0,0,BAU,,PROD_HIER,CO2e_HIER,,2029,,,,,,,1.0,,,,,,,,,,,,
0,0,BAU,,PROD_HIER,CO2e_HIER,,2030,,,,,,,1.0,,,,,,,,,,,,
0,0,BAU,,PROD_HIER,CO2e_HIER,,2031,,,,,,,1.0,,,,,,,,,,,,
0,0,BAU,,PROD_HIER,CO2e_HIER,,2032,,,,,,,1.0,,,,,,,,,,,,
0,0,BAU,,PROD_HIER,CO2e_HIER,,2033,,,,,,,1.0,,,,,,,,,,,,
0,0,BAU,,PROD_HIER,CO2e_HIER,,2034,,,,,,,1.0,,,,,,,,,,,,
0,0,BAU,,PROD_HIER,CO2e_HIER,,2035,,,,,,,1.0,,,,,,,,,,,,
0,0,BAU,,PROD_HIER,CO2e_HIER,,2036,,,,,,,1.0,,,,,,,,,,,,
0,0,BAU,,PROD_HIER,CO2e_HIER,,2037,,,,,,,1.0,,,,,,,,,,,,
0,0,BAU,,PROD_HIER,CO2e_HIER,,2038,,,,,,,1.0,,,,,,,,,,,,
0,0,BAU,,PROD_HIER,CO2e_HIER,,2039,,,,,,,1.0,,,,,,,,,,,,
0,0,BAU,,PROD_HIER,CO2e_HIER,,2040,,,,,,,1.0,,,,,,,,,,,,
0,0,BAU,,PROD_HIER,CO2e_HIER,,2041,,,,,,,1.0,,,,,,,,,,,,
0,0,BAU,,PROD_HIER,CO2e_HIER,,2042,,,,,,,1.0,,,,,,,,,,,,
0,0,BAU,,PROD_HIER,CO2e_HIER,,2043,,,,,,,1.0,,,,,,,,,,,,
0,0,BAU,,PROD_HIER,CO2e_HIER,,2044,,,,,,,1.0,,,,,,,,,,,,
0,0,BAU,,PROD_HIER,CO2e_HIER,,2045,,,,,,,1.0,,,,,,,,,,,,
0,0,BAU,,PROD_HIER,CO2e_HIER,,2046,,,,,,,1.0,,,,,,,,,,,,
0,0,BAU,,PROD_HIER,CO2e_HIER,,2047,,,,,,,1.0,,,,,,,,,,,,
0,0,BAU,,PROD_HIER,CO2e_HIER,,2048,,,,,,,1.0,,,,,,,,,,,,
0,0,BAU,,PROD_HIER,CO2e_HIER,,2049,,,,,,,1.0,,,,,,,,,,,,
0,0,BAU,,PROD_HIER,CO2e_HIER,,2050,,,,,,,1.0,,,,,,,,,,,,
0,0,BAU,,PROD_FERRO,CO2e_FERRO,,2018,,,,,,,1.0,,,,,,,,,,,,
0,0,BAU,,PROD_FERRO,CO2e_FERRO,,2019,,,,,,,1.0,,,,,,,,,,,,
0,0,BAU,,PROD_FERRO,CO2e_FERRO,,2020,,,,,,,1.0,,,,,,,,,,,,
0,0,BAU,,PROD_FERRO,CO2e_FERRO,,2021,,,,,,,1.0,,,,,,,,,,,,
0,0,BAU,,PROD_FERRO,CO2e_FERRO,,2022,,,,,,,1.0,,,,,,,,,,,,
0,0,BAU,,PROD_FERRO,CO2e_FERRO,,2023,,,,,,,1.0,,,,,,,,,,,,
0,0,BAU,,PROD_FERRO,CO2e_FERRO,,2024,,,,,,,1.0,,,,,,,,,,,,
0,0,BAU,,PROD_FERRO,CO2e_FERRO,,2025,,,,,,,1.0,,,,,,,,,,,,
0,0,BAU,,PROD_FERRO,CO2e_FERRO,,2026,,,,,,,1.0,,,,,,,,,,,,
0,0,BAU,,PROD_FERRO,CO2e_FERRO,,2027,,,,,,,1.0,,,,,,,,,,,,
0,0,BAU,,PROD_FERRO,CO2e_FERRO,,2028,,,,,,,1.0,,,,,,,,,,,,
0,0,BAU,,PROD_FERRO,CO2e_FERRO,,2029,,,,,,,1.0,,,,,,,,,,,,
0,0,BAU,,PROD_FERRO,CO2e_FERRO,,2030,,,,,,,1.0,,,,,,,,,,,,
0,0,BAU,,PROD_FERRO,CO2e_FERRO,,2031,,,,,,,1.0,,,,,,,,,,,,
0,0,BAU,,PROD_FERRO,CO2e_FERRO,,2032,,,,,,,1.0,,,,,,,,,,,,
0,0,BAU,,PROD_FERRO,CO2e_FERRO,,2033,,,,,,,1.0,,,,,,,,,,,,
0,0,BAU,,PROD_FERRO,CO2e_FERRO,,2034,,,,,,,1.0,,,,,,,,,,,,
0,0,BAU,,PROD_FERRO,CO2e_FERRO,,2035,,,,,,,1.0,,,,,,,,,,,,
0,0,BAU,,PROD_FERRO,CO2e_FERRO,,2036,,,,,,,1.0,,,,,,,,,,,,
0,0,BAU,,PROD_FERRO,CO2e_FERRO,,2037,,,,,,,1.0,,,,,,,,,,,,
0,0,BAU,,PROD_FERRO,CO2e_FERRO,,2038,,,,,,,1.0,,,,,,,,,,,,
0,0,BAU,,PROD_FERRO,CO2e_FERRO,,2039,,,,,,,1.0,,,,,,,,,,,,
0,0,BAU,,PROD_FERRO,CO2e_FERRO,,2040,,,,,,,1.0,,,,,,,,,,,,
0,0,BAU,,PROD_FERRO,CO2e_FERRO,,2041,,,,,,,1.0,,,,,,,,,,,,
0,0,BAU,,PROD_FERRO,CO2e_FERRO,,2042,,,,,,,1.0,,,,,,,,,,,,
0,0,BAU,,PROD_FERRO,CO2e_FERRO,,2043,,,,,,,1.0,,,,,,,,,,,,
0,0,BAU,,PROD_FERRO,CO2e_FERRO,,2044,,,,,,,1.0,,,,,,,,,,,,
0,0,BAU,,PROD_FERRO,CO2e_FERRO,,2045,,,,,,,1.0,,,,,,,,,,,,
0,0,BAU,,PROD_FERRO,CO2e_FERRO,,2046,,,,,,,1.0,,,,,,,,,,,,
0,0,BAU,,PROD_FERRO,CO2e_FERRO,,2047,,,,,,,1.0,,,,,,,,,,,,
0,0,BAU,,PROD_FERRO,CO2e_FERRO,,2048,,,,,,,1.0,,,,,,,,,,,,
0,0,BAU,,PROD_FERRO,CO2e_FERRO,,2049,,,,,,,1.0,,,,,,,,,,,,
0,0,BAU,,PROD_FERRO,CO2e_FERRO,,2050,,,,,,,1.0,,,,,,,,,,,,
0,0,BAU,,LUBRI,CO2e_LUB,,2018,,,,,,,1.0,,,,,,,,,,,,
0,0,BAU,,LUBRI,CO2e_LUB,,2019,,,,,,,1.0,,,,,,,,,,,,
0,0,BAU,,LUBRI,CO2e_LUB,,2020,,,,,,,1.0,,,,,,,,,,,,
0,0,BAU,,LUBRI,CO2e_LUB,,2021,,,,,,,1.0,,,,,,,,,,,,
0,0,BAU,,LUBRI,CO2e_LUB,,2022,,,,,,,1.0,,,,,,,,,,,,
0,0,BAU,,LUBRI,CO2e_LUB,,2023,,,,,,,1.0,,,,,,,,,,,,
0,0,BAU,,LUBRI,CO2e_LUB,,2024,,,,,,,1.0,,,,,,,,,,,,
0,0,BAU,,LUBRI,CO2e_LUB,,2025,,,,,,,1.0,,,,,,,,,,,,
0,0,BAU,,LUBRI,CO2e_LUB,,2026,,,,,,,1.0,,,,,,,,,,,,
0,0,BAU,,LUBRI,CO2e_LUB,,2027,,,,,,,1.0,,,,,,,,,,,,
0,0,BAU,,LUBRI,CO2e_LUB,,2028,,,,,,,1.0,,,,,,,,,,,,
0,0,BAU,,LUBRI,CO2e_LUB,,2029,,,,,,,1.0,,,,,,,,,,,,
0,0,BAU,,LUBRI,CO2e_LUB,,2030,,,,,,,1.0,,,,,,,,,,,,
0,0,BAU,,LUBRI,CO2e_LUB,,2031,,,,,,,1.0,,,,,,,,,,,,
0,0,BAU,,LUBRI,CO2e_LUB,,2032,,,,,,,1.0,,,,,,,,,,,,
0,0,BAU,,LUBRI,CO2e_LUB,,2033,,,,,,,1.0,,,,,,,,,,,,
0,0,BAU,,LUBRI,CO2e_LUB,,2034,,,,,,,1.0,,,,,,,,,,,,
0,0,BAU,,LUBRI,CO2e_LUB,,2035,,,,,,,1.0,,,,,,,,,,,,
0,0,BAU,,LUBRI,CO2e_LUB,,2036,,,,,,,1.0,,,,,,,,,,,,
0,0,BAU,,LUBRI,CO2e_LUB,,2037,,,,,,,1.0,,,,,,,,,,,,
0,0,BAU,,LUBRI,CO2e_LUB,,2038,,,,,,,1.0,,,,,,,,,,,,
0,0,BAU,,LUBRI,CO2e_LUB,,2039,,,,,,,1.0,,,,,,,,,,,,
0,0,BAU,,LUBRI,CO2e_LUB,,2040,,,,,,,1.0,,,,,,,,,,,,
0,0,BAU,,LUBRI,CO2e_LUB,,2041,,,,,,,1.0,,,,,,,,,,,,
0,0,BAU,,LUBRI,CO2e_LUB,,2042,,,,,,,1.0,,,,,,,,,,,,
0,0,BAU,,LUBRI,CO2e_LUB,,2043,,,,,,,1.0,,,,,,,,,,,,
0,0,BAU,,LUBRI,CO2e_LUB,,2044,,,,,,,1.0,,,,,,,,,,,,
0,0,BAU,,LUBRI,CO2e_LUB,,2045,,,,,,,1.0,,,,,,,,,,,,
0,0,BAU,,LUBRI,CO2e_LUB,,2046,,,,,,,1.0,,,,,,,,,,,,
0,0,BAU,,LUBRI,CO2e_LUB,,2047,,,,,,,1.0,,,,,,,,,,,,
0,0,BAU,,LUBRI,CO2e_LUB,,2048,,,,,,,1.0,,,,,,,,,,,,
0,0,BAU,,LUBRI,CO2e_LUB,,2049,,,,,,,1.0,,,,,,,,,,,,
0,0,BAU,,LUBRI,CO2e_LUB,,2050,,,,,,,1.0,,,,,,,,,,,,
0,0,BAU,,CERA_PAR,CO2e_CERAS,,2018,,,,,,,1.0,,,,,,,,,,,,
0,0,BAU,,CERA_PAR,CO2e_CERAS,,2019,,,,,,,1.0,,,,,,,,,,,,
0,0,BAU,,CERA_PAR,CO2e_CERAS,,2020,,,,,,,1.0,,,,,,,,,,,,
0,0,BAU,,CERA_PAR,CO2e_CERAS,,2021,,,,,,,1.0,,,,,,,,,,,,
0,0,BAU,,CERA_PAR,CO2e_CERAS,,2022,,,,,,,1.0,,,,,,,,,,,,
0,0,BAU,,CERA_PAR,CO2e_CERAS,,2023,,,,,,,1.0,,,,,,,,,,,,
0,0,BAU,,CERA_PAR,CO2e_CERAS,,2024,,,,,,,1.0,,,,,,,,,,,,
0,0,BAU,,CERA_PAR,CO2e_CERAS,,2025,,,,,,,1.0,,,,,,,,,,,,
0,0,BAU,,CERA_PAR,CO2e_CERAS,,2026,,,,,,,1.0,,,,,,,,,,,,
0,0,BAU,,CERA_PAR,CO2e_CERAS,,2027,,,,,,,1.0,,,,,,,,,,,,
0,0,BAU,,CERA_PAR,CO2e_CERAS,,2028,,,,,,,1.0,,,,,,,,,,,,
0,0,BAU,,CERA_PAR,CO2e_CERAS,,2029,,,,,,,1.0,,,,,,,,,,,,
0,0,BAU,,CERA_PAR,CO2e_CERAS,,2030,,,,,,,1.0,,,,,,,,,,,,
0,0,BAU,,CERA_PAR,CO2e_CERAS,,2031,,,,,,,1.0,,,,,,,,,,,,
0,0,BAU,,CERA_PAR,CO2e_CERAS,,2032,,,,,,,1.0,,,,,,,,,,,,
0,0,BAU,,CERA_PAR,CO2e_CERAS,,2033,,,,,,,1.0,,,,,,,,,,,,
0,0,BAU,,CERA_PAR,CO2e_CERAS,,2034,,,,,,,1.0,,,,,,,,,,,,
0,0,BAU,,CERA_PAR,CO2e_CERAS,,2035,,,,,,,1.0,,,,,,,,,,,,
0,0,BAU,,CERA_PAR,CO2e_CERAS,,2036,,,,,,,1.0,,,,,,,,,,,,
0,0,BAU,,CERA_PAR,CO2e_CERAS,,2037,,,,,,,1.0,,,,,,,,,,,,
0,0,BAU,,CERA_PAR,CO2e_CERAS,,2038,,,,,,,1.0,,,,,,,,,,,,
0,0,BAU,,CERA_PAR,CO2e_CERAS,,2039,,,,,,,1.0,,,,,,,,,,,,
0,0,BAU,,CERA_PAR,CO2e_CERAS,,2040,,,,,,,1.0,,,,,,,,,,,,
0,0,BAU,,CERA_PAR,CO2e_CERAS,,2041,,,,,,,1.0,,,,,,,,,,,,
0,0,BAU,,CERA_PAR,CO2e_CERAS,,2042,,,,,,,1.0,,,,,,,,,,,,
0,0,BAU,,CERA_PAR,CO2e_CERAS,,2043,,,,,,,1.0,,,,,,,,,,,,
0,0,BAU,,CERA_PAR,CO2e_CERAS,,2044,,,,,,,1.0,,,,,,,,,,,,
0,0,BAU,,CERA_PAR,CO2e_CERAS,,2045,,,,,,,1.0,,,,,,,,,,,,
0,0,BAU,,CERA_PAR,CO2e_CERAS,,2046,,,,,,,1.0,,,,,,,,,,,,
0,0,BAU,,CERA_PAR,CO2e_CERAS,,2047,,,,,,,1.0,,,,,,,,,,,,
0,0,BAU,,CERA_PAR,CO2e_CERAS,,2048,,,,,,,1.0,,,,,,,,,,,,
0,0,BAU,,CERA_PAR,CO2e_CERAS,,2049,,,,,,,1.0,,,,,,,,,,,,
0,0,BAU,,CERA_PAR,CO2e_CERAS,,2050,,,,,,,1.0,,,,,,,,,,,,
0,0,BAU,,REFR_AC,CO2e_RAC,,2018,,,,,,,1.0,,,,,,,,,,,,
0,0,BAU,,REFR_AC,CO2e_RAC,,2019,,,,,,,1.0,,,,,,,,,,,,
0,0,BAU,,REFR_AC,CO2e_RAC,,2020,,,,,,,1.0,,,,,,,,,,,,
0,0,BAU,,REFR_AC,CO2e_RAC,,2021,,,,,,,1.0,,,,,,,,,,,,
0,0,BAU,,REFR_AC,CO2e_RAC,,2022,,,,,,,1.0,,,,,,,,,,,,
0,0,BAU,,REFR_AC,CO2e_RAC,,2023,,,,,,,1.0,,,,,,,,,,,,
0,0,BAU,,REFR_AC,CO2e_RAC,,2024,,,,,,,1.0,,,,,,,,,,,,
0,0,BAU,,REFR_AC,CO2e_RAC,,2025,,,,,,,1.0,,,,,,,,,,,,
0,0,BAU,,REFR_AC,CO2e_RAC,,2026,,,,,,,1.0,,,,,,,,,,,,
0,0,BAU,,REFR_AC,CO2e_RAC,,2027,,,,,,,1.0,,,,,,,,,,,,
0,0,BAU,,REFR_AC,CO2e_RAC,,2028,,,,,,,1.0,,,,,,,,,,,,
0,0,BAU,,REFR_AC,CO2e_RAC,,2029,,,,,,,1.0,,,,,,,,,,,,
0,0,BAU,,REFR_AC,CO2e_RAC,,2030,,,,,,,1.0,,,,,,,,,,,,
0,0,BAU,,REFR_AC,CO2e_RAC,,2031,,,,,,,1.0,,,,,,,,,,,,
0,0,BAU,,REFR_AC,CO2e_RAC,,2032,,,,,,,1.0,,,,,,,,,,,,
0,0,BAU,,REFR_AC,CO2e_RAC,,2033,,,,,,,1.0,,,,,,,,,,,,
0,0,BAU,,REFR_AC,CO2e_RAC,,2034,,,,,,,1.0,,,,,,,,,,,,
0,0,BAU,,REFR_AC,CO2e_RAC,,2035,,,,,,,1.0,,,,,,,,,,,,
0,0,BAU,,REFR_AC,CO2e_RAC,,2036,,,,,,,1.0,,,,,,,,,,,,
0,0,BAU,,REFR_AC,CO2e_RAC,,2037,,,,,,,1.0,,,,,,,,,,,,
0,0,BAU,,REFR_AC,CO2e_RAC,,2038,,,,,,,1.0,,,,,,,,,,,,
0,0,BAU,,REFR_AC,CO2e_RAC,,2039,,,,,,,1.0,,,,,,,,,,,,
0,0,BAU,,REFR_AC,CO2e_RAC,,2040,,,,,,,1.0,,,,,,,,,,,,
0,0,BAU,,REFR_AC,CO2e_RAC,,2041,,,,,,,1.0,,,,,,,,,,,,
0,0,BAU,,REFR_AC,CO2e_RAC,,2042,,,,,,,1.0,,,,,,,,,,,,
0,0,BAU,,REFR_AC,CO2e_RAC,,2043,,,,,,,1.0,,,,,,,,,,,,
0,0,BAU,,REFR_AC,CO2e_RAC,,2044,,,,,,,1.0,,,,,,,,,,,,
0,0,BAU,,REFR_AC,CO2e_RAC,,2045,,,,,,,1.0,,,,,,,,,,,,
0,0,BAU,,REFR_AC,CO2e_RAC,,2046,,,,,,,1.0,,,,,,,,,,,,
0,0,BAU,,REFR_AC,CO2e_RAC,,2047,,,,,,,1.0,,,,,,,,,,,,
0,0,BAU,,REFR_AC,CO2e_RAC,,2048,,,,,,,1.0,,,,,,,,,,,,
0,0,BAU,,REFR_AC,CO2e_RAC,,2049,,,,,,,1.0,,,,,,,,,,,,
0,0,BAU,,REFR_AC,CO2e_RAC,,2050,,,,,,,1.0,,,,,,,,,,,,
0,0,BAU,,RAW_MAT_CLK,,,2018,,,,,,,,,0.0,,,,,,,,,,
0,0,BAU,,RAW_MAT_CLK,,,2019,,,,,,,,,0.0,,,,,,,,,,
0,0,BAU,,RAW_MAT_CLK,,,2020,,,,,,,,,0.0,,,,,,,,,,
0,0,BAU,,RAW_MAT_CLK,,,2021,,,,,,,,,0.0,,,,,,,,,,
0,0,BAU,,RAW_MAT_CLK,,,2022,,,,,,,,,0.0,,,,,,,,,,
0,0,BAU,,RAW_MAT_CLK,,,2023,,,,,,,,,0.0,,,,,,,,,,
0,0,BAU,,RAW_MAT_CLK,,,2024,,,,,,,,,0.0,,,,,,,,,,
0,0,BAU,,RAW_MAT_CLK,,,2025,,,,,,,,,0.0,,,,,,,,,,
0,0,BAU,,RAW_MAT_CLK,,,2026,,,,,,,,,0.0,,,,,,,,,,
0,0,BAU,,RAW_MAT_CLK,,,2027,,,,,,,,,0.0,,,,,,,,,,
0,0,BAU,,RAW_MAT_CLK,,,2028,,,,,,,,,0.0,,,,,,,,,,
0,0,BAU,,RAW_MAT_CLK,,,2029,,,,,,,,,0.0,,,,,,,,,,
0,0,BAU,,RAW_MAT_CLK,,,2030,,,,,,,,,0.0,,,,,,,,,,
0,0,BAU,,RAW_MAT_CLK,,,2031,,,,,,,,,0.0,,,,,,,,,,
0,0,BAU,,RAW_MAT_CLK,,,2032,,,,,,,,,0.0,,,,,,,,,,
0,0,BAU,,RAW_MAT_CLK,,,2033,,,,,,,,,0.0,,,,,,,,,,
0,0,BAU,,RAW_MAT_CLK,,,2034,,,,,,,,,0.0,,,,,,,,,,
0,0,BAU,,RAW_MAT_CLK,,,2035,,,,,,,,,0.0,,,,,,,,,,
0,0,BAU,,RAW_MAT_CLK,,,2036,,,,,,,,,0.0,,,,,,,,,,
0,0,BAU,,RAW_MAT_CLK,,,2037,,,,,,,,,0.0,,,,,,,,,,
0,0,BAU,,RAW_MAT_CLK,,,2038,,,,,,,,,0.0,,,,,,,,,,
0,0,BAU,,RAW_MAT_CLK,,,2039,,,,,,,,,0.0,,,,,,,,,,
0,0,BAU,,RAW_MAT_CLK,,,2040,,,,,,,,,0.0,,,,,,,,,,
0,0,BAU,,RAW_MAT_CLK,,,2041,,,,,,,,,0.0,,,,,,,,,,
0,0,BAU,,RAW_MAT_CLK,,,2042,,,,,,,,,0.0,,,,,,,,,,
0,0,BAU,,RAW_MAT_CLK,,,2043,,,,,,,,,0.0,,,,,,,,,,
0,0,BAU,,RAW_MAT_CLK,,,2044,,,,,,,,,0.0,,,,,,,,,,
0,0,BAU,,RAW_MAT_CLK,,,2045,,,,,,,,,0.0,,,,,,,,,,
0,0,BAU,,RAW_MAT_CLK,,,2046,,,,,,,,,0.0,,,,,,,,,,
0,0,BAU,,RAW_MAT_CLK,,,2047,,,,,,,,,0.0,,,,,,,,,,
0,0,BAU,,RAW_MAT_CLK,,,2048,,,,,,,,,0.0,,,,,,,,,,
0,0,BAU,,RAW_MAT_CLK,,,2049,,,,,,,,,0.0,,,,,,,,,,
0,0,BAU,,RAW_MAT_CLK,,,2050,,,,,,,,,0.0,,,,,,,,,,
0,0,BAU,,RAW_MAT_CEM,,,2018,,,,,,,,,0.0,,,,,,,,,,
0,0,BAU,,RAW_MAT_CEM,,,2019,,,,,,,,,0.0,,,,,,,,,,
0,0,BAU,,RAW_MAT_CEM,,,2020,,,,,,,,,0.0,,,,,,,,,,
0,0,BAU,,RAW_MAT_CEM,,,2021,,,,,,,,,0.0,,,,,,,,,,
0,0,BAU,,RAW_MAT_CEM,,,2022,,,,,,,,,0.0,,,,,,,,,,
0,0,BAU,,RAW_MAT_CEM,,,2023,,,,,,,,,0.0,,,,,,,,,,
0,0,BAU,,RAW_MAT_CEM,,,2024,,,,,,,,,0.0,,,,,,,,,,
0,0,BAU,,RAW_MAT_CEM,,,2025,,,,,,,,,0.0,,,,,,,,,,
0,0,BAU,,RAW_MAT_CEM,,,2026,,,,,,,,,0.0,,,,,,,,,,
0,0,BAU,,RAW_MAT_CEM,,,2027,,,,,,,,,0.0,,,,,,,,,,
0,0,BAU,,RAW_MAT_CEM,,,2028,,,,,,,,,0.0,,,,,,,,,,
0,0,BAU,,RAW_MAT_CEM,,,2029,,,,,,,,,0.0,,,,,,,,,,
0,0,BAU,,RAW_MAT_CEM,,,2030,,,,,,,,,0.0,,,,,,,,,,
0,0,BAU,,RAW_MAT_CEM,,,2031,,,,,,,,,0.0,,,,,,,,,,
0,0,BAU,,RAW_MAT_CEM,,,2032,,,,,,,,,0.0,,,,,,,,,,
0,0,BAU,,RAW_MAT_CEM,,,2033,,,,,,,,,0.0,,,,,,,,,,
0,0,BAU,,RAW_MAT_CEM,,,2034,,,,,,,,,0.0,,,,,,,,,,
0,0,BAU,,RAW_MAT_CEM,,,2035,,,,,,,,,0.0,,,,,,,,,,
0,0,BAU,,RAW_MAT_CEM,,,2036,,,,,,,,,0.0,,,,,,,,,,
0,0,BAU,,RAW_MAT_CEM,,,2037,,,,,,,,,0.0,,,,,,,,,,
0,0,BAU,,RAW_MAT_CEM,,,2038,,,,,,,,,0.0,,,,,,,,,,
0,0,BAU,,RAW_MAT_CEM,,,2039,,,,,,,,,0.0,,,,,,,,,,
0,0,BAU,,RAW_MAT_CEM,,,2040,,,,,,,,,0.0,,,,,,,,,,
0,0,BAU,,RAW_MAT_CEM,,,2041,,,,,,,,,0.0,,,,,,,,,,
0,0,BAU,,RAW_MAT_CEM,,,2042,,,,,,,,,0.0,,,,,,,,,,
0,0,BAU,,RAW_MAT_CEM,,,2043,,,,,,,,,0.0,,,,,,,,,,
0,0,BAU,,RAW_MAT_CEM,,,2044,,,,,,,,,0.0,,,,,,,,,,
0,0,BAU,,RAW_MAT_CEM,,,2045,,,,,,,,,0.0,,,,,,,,,,
0,0,BAU,,RAW_MAT_CEM,,,2046,,,,,,,,,0.0,,,,,,,,,,
0,0,BAU,,RAW_MAT_CEM,,,2047,,,,,,,,,0.0,,,,,,,,,,
0,0,BAU,,RAW_MAT_CEM,,,2048,,,,,,,,,0.0,,,,,,,,,,
0,0,BAU,,RAW_MAT_CEM,,,2049,,,,,,,,,0.0,,,,,,,,,,
0,0,BAU,,RAW_MAT_CEM,,,2050,,,,,,,,,0.0,,,,,,,,,,
0,0,BAU,,REFR_AC,,,2018,,,,,,,,,0.0,,,,,,0.7136,0.7136,,,
0,0,BAU,,REFR_AC,,,2019,,,,,,,,,0.0,,,,,,0.8368,0.8368,,,
0,0,BAU,,REFR_AC,,,2020,,,,,,,,,0.0,,,,,,0.9599,0.9599,,,
0,0,BAU,,REFR_AC,,,2021,,,,,,,,,0.0,,,,,,0.8857,0.8857,,,
0,0,BAU,,REFR_AC,,,2022,,,,,,,,,0.0,,,,,,1.3328,1.3328,,,
0,0,BAU,,REFR_AC,,,2023,,,,,,,,,0.0,,,,,,1.3834,1.3834,,,
0,0,BAU,,REFR_AC,,,2024,,,,,,,,,0.0,,,,,,1.436,1.436,,,
0,0,BAU,,REFR_AC,,,2025,,,,,,,,,0.0,,,,,,1.4906,1.4906,,,
0,0,BAU,,REFR_AC,,,2026,,,,,,,,,0.0,,,,,,1.5472,1.5472,,,
0,0,BAU,,REFR_AC,,,2027,,,,,,,,,0.0,,,,,,1.606,1.606,,,
0,0,BAU,,REFR_AC,,,2028,,,,,,,,,0.0,,,,,,1.667,1.667,,,
0,0,BAU,,REFR_AC,,,2029,,,,,,,,,0.0,,,,,,1.7304,1.7304,,,
0,0,BAU,,REFR_AC,,,2030,,,,,,,,,0.0,,,,,,1.7961,1.7961,,,
0,0,BAU,,REFR_AC,,,2031,,,,,,,,,0.0,,,,,,1.8644,1.8644,,,
0,0,BAU,,REFR_AC,,,2032,,,,,,,,,0.0,,,,,,1.9352,1.9352,,,
0,0,BAU,,REFR_AC,,,2033,,,,,,,,,0.0,,,,,,2.0088,2.0088,,,
0,0,BAU,,REFR_AC,,,2034,,,,,,,,,0.0,,,,,,2.0851,2.0851,,,
0,0,BAU,,REFR_AC,,,2035,,,,,,,,,0.0,,,,,,2.1643,2.1643,,,
0,0,BAU,,REFR_AC,,,2036,,,,,,,,,0.0,,,,,,2.2466,2.2466,,,
0,0,BAU,,REFR_AC,,,2037,,,,,,,,,0.0,,,,,,2.3319,2.3319,,,
0,0,BAU,,REFR_AC,,,2038,,,,,,,,,0.0,,,,,,2.4206,2.4206,,,
0,0,BAU,,REFR_AC,,,2039,,,,,,,,,0.0,,,,,,2.5125,2.5125,,,
0,0,BAU,,REFR_AC,,,2040,,,,,,,,,0.0,,,,,,2.608,2.608,,,
0,0,BAU,,REFR_AC,,,2041,,,,,,,,,0.0,,,,,,2.7071,2.7071,,,
0,0,BAU,,REFR_AC,,,2042,,,,,,,,,0.0,,,,,,2.81,2.81,,,
0,0,BAU,,REFR_AC,,,2043,,,,,,,,,0.0,,,,,,2.9168,2.9168,,,
0,0,BAU,,REFR_AC,,,2044,,,,,,,,,0.0,,,,,,3.0276,3.0276,,,
0,0,BAU,,REFR_AC,,,2045,,,,,,,,,0.0,,,,,,3.1427,3.1427,,,
0,0,BAU,,REFR_AC,,,2046,,,,,,,,,0.0,,,,,,3.2621,3.2621,,,
0,0,BAU,,REFR_AC,,,2047,,,,,,,,,0.0,,,,,,3.386,3.386,,,
0,0,BAU,,REFR_AC,,,2048,,,,,,,,,0.0,,,,,,3.5147,3.5147,,,
0,0,BAU,,REFR_AC,,,2049,,,,,,,,,0.0,,,,,,3.6483,3.6483,,,
0,0,BAU,,REFR_AC,,,2050,,,,,,,,,0.0,,,,,,3.7869,3.7869,,,
0,0,BAU,,PROD_CAL,,,2018,,,,,,,,,,,,,,,0.185,0.185,,,
0,0,BAU,,PROD_CAL,,,2019,,,,,,,,,,,,,,,0.1907,0.1907,,,
0,0,BAU,,PROD_CAL,,,2020,,,,,,,,,,,,,,,0.1967,0.1967,,,
0,0,BAU,,PROD_CAL,,,2021,,,,,,,,,,,,,,,0.203,0.203,,,
0,0,BAU,,PROD_CAL,,,2022,,,,,,,,,,,,,,,0.2095,0.2095,,,
0,0,BAU,,PROD_CAL,,,2023,,,,,,,,,,,,,,,0.2163,0.2163,,,
0,0,BAU,,PROD_CAL,,,2024,,,,,,,,,,,,,,,0.2234,0.2234,,,
0,0,BAU,,PROD_CAL,,,2025,,,,,,,,,,,,,,,0.2308,0.2308,,,
0,0,BAU,,PROD_CAL,,,2026,,,,,,,,,,,,,,,0.2384,0.2384,,,
0,0,BAU,,PROD_CAL,,,2027,,,,,,,,,,,,,,,0.2464,0.2464,,,
0,0,BAU,,PROD_CAL,,,2028,,,,,,,,,,,,,,,0.2547,0.2547,,,
0,0,BAU,,PROD_CAL,,,2029,,,,,,,,,,,,,,,0.2633,0.2633,,,
0,0,BAU,,PROD_CAL,,,2030,,,,,,,,,,,,,,,0.2722,0.2722,,,
0,0,BAU,,PROD_CAL,,,2031,,,,,,,,,,,,,,,0.2815,0.2815,,,
0,0,BAU,,PROD_CAL,,,2032,,,,,,,,,,,,,,,0.2912,0.2912,,,
0,0,BAU,,PROD_CAL,,,2033,,,,,,,,,,,,,,,0.3012,0.3012,,,
0,0,BAU,,PROD_CAL,,,2034,,,,,,,,,,,,,,,0.3117,0.3117,,,
0,0,BAU,,PROD_CAL,,,2035,,,,,,,,,,,,,,,0.3225,0.3225,,,
0,0,BAU,,PROD_CAL,,,2036,,,,,,,,,,,,,,,0.3337,0.3337,,,
0,0,BAU,,PROD_CAL,,,2037,,,,,,,,,,,,,,,0.3454,0.3454,,,
0,0,BAU,,PROD_CAL,,,2038,,,,,,,,,,,,,,,0.3575,0.3575,,,
0,0,BAU,,PROD_CAL,,,2039,,,,,,,,,,,,,,,0.3701,0.3701,,,
0,0,BAU,,PROD_CAL,,,2040,,,,,,,,,,,,,,,0.3832,0.3832,,,
0,0,BAU,,PROD_CAL,,,2041,,,,,,,,,,,,,,,0.3967,0.3967,,,
0,0,BAU,,PROD_CAL,,,2042,,,,,,,,,,,,,,,0.4108,0.4108,,,
0,0,BAU,,PROD_CAL,,,2043,,,,,,,,,,,,,,,0.4254,0.4254,,,
0,0,BAU,,PROD_CAL,,,2044,,,,,,,,,,,,,,,0.4406,0.4406,,,
0,0,BAU,,PROD_CAL,,,2045,,,,,,,,,,,,,,,0.4563,0.4563,,,
0,0,BAU,,PROD_CAL,,,2046,,,,,,,,,,,,,,,0.4727,0.4727,,,
0,0,BAU,,PROD_CAL,,,2047,,,,,,,,,,,,,,,0.4896,0.4896,,,
0,0,BAU,,PROD_CAL,,,2048,,,,,,,,,,,,,,,0.5072,0.5072,,,
0,0,BAU,,PROD_CAL,,,2049,,,,,,,,,,,,,,,0.5254,0.5254,,,
0,0,BAU,,PROD_CAL,,,2050,,,,,,,,,,,,,,,0.5444,0.5444,,,
0,0,BAU,,PROD_VID,,,2018,,,,,,,,,,,,,,,0.0132,0.0132,,,
0,0,BAU,,PROD_VID,,,2019,,,,,,,,,,,,,,,0.0139,0.0139,,,
0,0,BAU,,PROD_VID,,,2020,,,,,,,,,,,,,,,0.0146,0.0146,,,
0,0,BAU,,PROD_VID,,,2021,,,,,,,,,,,,,,,0.0153,0.0153,,,
0,0,BAU,,PROD_VID,,,2022,,,,,,,,,,,,,,,0.016,0.016,,,
0,0,BAU,,PROD_VID,,,2023,,,,,,,,,,,,,,,0.0167,0.0167,,,
0,0,BAU,,PROD_VID,,,2024,,,,,,,,,,,,,,,0.0175,0.0175,,,
0,0,BAU,,PROD_VID,,,2025,,,,,,,,,,,,,,,0.0183,0.0183,,,
0,0,BAU,,PROD_VID,,,2026,,,,,,,,,,,,,,,0.0191,0.0191,,,
0,0,BAU,,PROD_VID,,,2027,,,,,,,,,,,,,,,0.02,0.02,,,
0,0,BAU,,PROD_VID,,,2028,,,,,,,,,,,,,,,0.0208,0.0208,,,
0,0,BAU,,PROD_VID,,,2029,,,,,,,,,,,,,,,0.0217,0.0217,,,
0,0,BAU,,PROD_VID,,,2030,,,,,,,,,,,,,,,0.0227,0.0227,,,
0,0,BAU,,PROD_VID,,,2031,,,,,,,,,,,,,,,0.0237,0.0237,,,
0,0,BAU,,PROD_VID,,,2032,,,,,,,,,,,,,,,0.0247,0.0247,,,
0,0,BAU,,PROD_VID,,,2033,,,,,,,,,,,,,,,0.0258,0.0258,,,
0,0,BAU,,PROD_VID,,,2034,,,,,,,,,,,,,,,0.0269,0.0269,,,
0,0,BAU,,PROD_VID,,,2035,,,,,,,,,,,,,,,0.028,0.028,,,
0,0,BAU,,PROD_VID,,,2036,,,,,,,,,,,,,,,0.0292,0.0292,,,
0,0,BAU,,PROD_VID,,,2037,,,,,,,,,,,,,,,0.0304,0.0304,,,
0,0,BAU,,PROD_VID,,,2038,,,,,,,,,,,,,,,0.0317,0.0317,,,
0,0,BAU,,PROD_VID,,,2039,,,,,,,,,,,,,,,0.033,0.033,,,
0,0,BAU,,PROD_VID,,,2040,,,,,,,,,,,,,,,0.0344,0.0344,,,
0,0,BAU,,PROD_VID,,,2041,,,,,,,,,,,,,,,0.0358,0.0358,,,
0,0,BAU,,PROD_VID,,,2042,,,,,,,,,,,,,,,0.0373,0.0373,,,
0,0,BAU,,PROD_VID,,,2043,,,,,,,,,,,,,,,0.0388,0.0388,,,
0,0,BAU,,PROD_VID,,,2044,,,,,,,,,,,,,,,0.0404,0.0404,,,
0,0,BAU,,PROD_VID,,,2045,,,,,,,,,,,,,,,0.042,0.042,,,
0,0,BAU,,PROD_VID,,,2046,,,,,,,,,,,,,,,0.0437,0.0437,,,
0,0,BAU,,PROD_VID,,,2047,,,,,,,,,,,,,,,0.0455,0.0455,,,
0,0,BAU,,PROD_VID,,,2048,,,,,,,,,,,,,,,0.0474,0.0474,,,
0,0,BAU,,PROD_VID,,,2049,,,,,,,,,,,,,,,0.0493,0.0493,,,
0,0,BAU,,PROD_VID,,,2050,,,,,,,,,,,,,,,0.0513,0.0513,,,
0,0,BAU,,CARBO_PROC,,,2018,,,,,,,,,,,,,,,0.035,0.035,,,
0,0,BAU,,CARBO_PROC,,,2019,,,,,,,,,,,,,,,0.0366,0.0366,,,
0,0,BAU,,CARBO_PROC,,,2020,,,,,,,,,,,,,,,0.0383,0.0383,,,
0,0,BAU,,CARBO_PROC,,,2021,,,,,,,,,,,,,,,0.04,0.04,,,
0,0,BAU,,CARBO_PROC,,,2022,,,,,,,,,,,,,,,0.0418,0.0418,,,
0,0,BAU,,CARBO_PROC,,,2023,,,,,,,,,,,,,,,0.0436,0.0436,,,
0,0,BAU,,CARBO_PROC,,,2024,,,,,,,,,,,,,,,0.0456,0.0456,,,
0,0,BAU,,CARBO_PROC,,,2025,,,,,,,,,,,,,,,0.0476,0.0476,,,
0,0,BAU,,CARBO_PROC,,,2026,,,,,,,,,,,,,,,0.0496,0.0496,,,
0,0,BAU,,CARBO_PROC,,,2027,,,,,,,,,,,,,,,0.0518,0.0518,,,
0,0,BAU,,CARBO_PROC,,,2028,,,,,,,,,,,,,,,0.054,0.054,,,
0,0,BAU,,CARBO_PROC,,,2029,,,,,,,,,,,,,,,0.0563,0.0563,,,
0,0,BAU,,CARBO_PROC,,,2030,,,,,,,,,,,,,,,0.0587,0.0587,,,
0,0,BAU,,CARBO_PROC,,,2031,,,,,,,,,,,,,,,0.0611,0.0611,,,
0,0,BAU,,CARBO_PROC,,,2032,,,,,,,,,,,,,,,0.0637,0.0637,,,
0,0,BAU,,CARBO_PROC,,,2033,,,,,,,,,,,,,,,0.0664,0.0664,,,
0,0,BAU,,CARBO_PROC,,,2034,,,,,,,,,,,,,,,0.0691,0.0691,,,
0,0,BAU,,CARBO_PROC,,,2035,,,,,,,,,,,,,,,0.072,0.072,,,
0,0,BAU,,CARBO_PROC,,,2036,,,,,,,,,,,,,,,0.075,0.075,,,
0,0,BAU,,CARBO_PROC,,,2037,,,,,,,,,,,,,,,0.078,0.078,,,
0,0,BAU,,CARBO_PROC,,,2038,,,,,,,,,,,,,,,0.0812,0.0812,,,
0,0,BAU,,CARBO_PROC,,,2039,,,,,,,,,,,,,,,0.0846,0.0846,,,
0,0,BAU,,CARBO_PROC,,,2040,,,,,,,,,,,,,,,0.088,0.088,,,
0,0,BAU,,CARBO_PROC,,,2041,,,,,,,,,,,,,,,0.0916,0.0916,,,
0,0,BAU,,CARBO_PROC,,,2042,,,,,,,,,,,,,,,0.0953,0.0953,,,
0,0,BAU,,CARBO_PROC,,,2043,,,,,,,,,,,,,,,0.0991,0.0991,,,
0,0,BAU,,CARBO_PROC,,,2044,,,,,,,,,,,,,,,0.1031,0.1031,,,
0,0,BAU,,CARBO_PROC,,,2045,,,,,,,,,,,,,,,0.1073,0.1073,,,
0,0,BAU,,CARBO_PROC,,,2046,,,,,,,,,,,,,,,0.1116,0.1116,,,
0,0,BAU,,CARBO_PROC,,,2047,,,,,,,,,,,,,,,0.1161,0.1161,,,
0,0,BAU,,CARBO_PROC,,,2048,,,,,,,,,,,,,,,0.1207,0.1207,,,
0,0,BAU,,CARBO_PROC,,,2049,,,,,,,,,,,,,,,0.1255,0.1255,,,
0,0,BAU,,CARBO_PROC,,,2050,,,,,,,,,,,,,,,0.1306,0.1306,,,
0,0,BAU,,PROD_HIER,,,2018,,,,,,,,,,,,,,,0.024,0.024,,,
0,0,BAU,,PROD_HIER,,,2019,,,,,,,,,,,,,,,0.0252,0.0252,,,
0,0,BAU,,PROD_HIER,,,2020,,,,,,,,,,,,,,,0.0264,0.0264,,,
0,0,BAU,,PROD_HIER,,,2021,,,,,,,,,,,,,,,0.0277,0.0277,,,
0,0,BAU,,PROD_HIER,,,2022,,,,,,,,,,,,,,,0.029,0.029,,,
0,0,BAU,,PROD_HIER,,,2023,,,,,,,,,,,,,,,0.0304,0.0304,,,
0,0,BAU,,PROD_HIER,,,2024,,,,,,,,,,,,,,,0.0318,0.0318,,,
0,0,BAU,,PROD_HIER,,,2025,,,,,,,,,,,,,,,0.0333,0.0333,,,
0,0,BAU,,PROD_HIER,,,2026,,,,,,,,,,,,,,,0.0348,0.0348,,,
0,0,BAU,,PROD_HIER,,,2027,,,,,,,,,,,,,,,0.0364,0.0364,,,
0,0,BAU,,PROD_HIER,,,2028,,,,,,,,,,,,,,,0.038,0.038,,,
0,0,BAU,,PROD_HIER,,,2029,,,,,,,,,,,,,,,0.0397,0.0397,,,
0,0,BAU,,PROD_HIER,,,2030,,,,,,,,,,,,,,,0.0414,0.0414,,,
0,0,BAU,,PROD_HIER,,,2031,,,,,,,,,,,,,,,0.0432,0.0432,,,
0,0,BAU,,PROD_HIER,,,2032,,,,,,,,,,,,,,,0.0451,0.0451,,,
0,0,BAU,,PROD_HIER,,,2033,,,,,,,,,,,,,,,0.047,0.047,,,
0,0,BAU,,PROD_HIER,,,2034,,,,,,,,,,,,,,,0.0491,0.0491,,,
0,0,BAU,,PROD_HIER,,,2035,,,,,,,,,,,,,,,0.0512,0.0512,,,
0,0,BAU,,PROD_HIER,,,2036,,,,,,,,,,,,,,,0.0533,0.0533,,,
0,0,BAU,,PROD_HIER,,,2037,,,,,,,,,,,,,,,0.0556,0.0556,,,
0,0,BAU,,PROD_HIER,,,2038,,,,,,,,,,,,,,,0.0579,0.0579,,,
0,0,BAU,,PROD_HIER,,,2039,,,,,,,,,,,,,,,0.0604,0.0604,,,
0,0,BAU,,PROD_HIER,,,2040,,,,,,,,,,,,,,,0.0629,0.0629,,,
0,0,BAU,,PROD_HIER,,,2041,,,,,,,,,,,,,,,0.0655,0.0655,,,
0,0,BAU,,PROD_HIER,,,2042,,,,,,,,,,,,,,,0.0682,0.0682,,,
0,0,BAU,,PROD_HIER,,,2043,,,,,,,,,,,,,,,0.071,0.071,,,
0,0,BAU,,PROD_HIER,,,2044,,,,,,,,,,,,,,,0.074,0.074,,,
0,0,BAU,,PROD_HIER,,,2045,,,,,,,,,,,,,,,0.077,0.077,,,
0,0,BAU,,PROD_HIER,,,2046,,,,,,,,,,,,,,,0.0802,0.0802,,,
0,0,BAU,,PROD_HIER,,,2047,,,,,,,,,,,,,,,0.0834,0.0834,,,
0,0,BAU,,PROD_HIER,,,2048,,,,,,,,,,,,,,,0.0868,0.0868,,,
0,0,BAU,,PROD_HIER,,,2049,,,,,,,,,,,,,,,0.0904,0.0904,,,
0,0,BAU,,PROD_HIER,,,2050,,,,,,,,,,,,,,,0.094,0.094,,,
0,0,BAU,,PROD_FERRO,,,2018,,,,,,,,,,,,,,,0.0003,0.0003,,,
0,0,BAU,,PROD_FERRO,,,2019,,,,,,,,,,,,,,,0.0004,0.0004,,,
0,0,BAU,,PROD_FERRO,,,2020,,,,,,,,,,,,,,,0.0005,0.0005,,,
0,0,BAU,,PROD_FERRO,,,2021,,,,,,,,,,,,,,,0.0005,0.0005,,,
0,0,BAU,,PROD_FERRO,,,2022,,,,,,,,,,,,,,,0.0006,0.0006,,,
0,0,BAU,,PROD_FERRO,,,2023,,,,,,,,,,,,,,,0.0006,0.0006,,,
0,0,BAU,,PROD_FERRO,,,2024,,,,,,,,,,,,,,,0.0007,0.0007,,,
0,0,BAU,,PROD_FERRO,,,2025,,,,,,,,,,,,,,,0.0008,0.0008,,,
0,0,BAU,,PROD_FERRO,,,2026,,,,,,,,,,,,,,,0.0008,0.0008,,,
0,0,BAU,,PROD_FERRO,,,2027,,,,,,,,,,,,,,,0.0009,0.0009,,,
0,0,BAU,,PROD_FERRO,,,2028,,,,,,,,,,,,,,,0.001,0.001,,,
0,0,BAU,,PROD_FERRO,,,2029,,,,,,,,,,,,,,,0.001,0.001,,,
0,0,BAU,,PROD_FERRO,,,2030,,,,,,,,,,,,,,,0.0011,0.0011,,,
0,0,BAU,,PROD_FERRO,,,2031,,,,,,,,,,,,,,,0.0012,0.0012,,,
0,0,BAU,,PROD_FERRO,,,2032,,,,,,,,,,,,,,,0.0013,0.0013,,,
0,0,BAU,,PROD_FERRO,,,2033,,,,,,,,,,,,,,,0.0014,0.0014,,,
0,0,BAU,,PROD_FERRO,,,2034,,,,,,,,,,,,,,,0.0014,0.0014,,,
0,0,BAU,,PROD_FERRO,,,2035,,,,,,,,,,,,,,,0.0015,0.0015,,,
0,0,BAU,,PROD_FERRO,,,2036,,,,,,,,,,,,,,,0.0016,0.0016,,,
0,0,BAU,,PROD_FERRO,,,2037,,,,,,,,,,,,,,,0.0017,0.0017,,,
0,0,BAU,,PROD_FERRO,,,2038,,,,,,,,,,,,,,,0.0018,0.0018,,,
0,0,BAU,,PROD_FERRO,,,2039,,,,,,,,,,,,,,,0.0019,0.0019,,,
0,0,BAU,,PROD_FERRO,,,2040,,,,,,,,,,,,,,,0.002,0.002,,,
0,0,BAU,,PROD_FERRO,,,2041,,,,,,,,,,,,,,,0.0021,0.0021,,,
0,0,BAU,,PROD_FERRO,,,2042,,,,,,,,,,,,,,,0.0023,0.0023,,,
0,0,BAU,,PROD_FERRO,,,2043,,,,,,,,,,,,,,,0.0024,0.0024,,,
0,0,BAU,,PROD_FERRO,,,2044,,,,,,,,,,,,,,,0.0025,0.0025,,,
0,0,BAU,,PROD_FERRO,,,2045,,,,,,,,,,,,,,,0.0026,0.0026,,,
0,0,BAU,,PROD_FERRO,,,2046,,,,,,,,,,,,,,,0.0028,0.0028,,,
0,0,BAU,,PROD_FERRO,,,2047,,,,,,,,,,,,,,,0.0029,0.0029,,,
0,0,BAU,,PROD_FERRO,,,2048,,,,,,,,,,,,,,,0.003,0.003,,,
0,0,BAU,,PROD_FERRO,,,2049,,,,,,,,,,,,,,,0.0032,0.0032,,,
0,0,BAU,,PROD_FERRO,,,2050,,,,,,,,,,,,,,,0.0034,0.0034,,,
0,0,BAU,,LUBRI,,,2018,,,,,,,,,,,,,,,0.0261,0.0261,,,
0,0,BAU,,LUBRI,,,2019,,,,,,,,,,,,,,,0.0275,0.0275,,,
0,0,BAU,,LUBRI,,,2020,,,,,,,,,,,,,,,0.029,0.029,,,
0,0,BAU,,LUBRI,,,2021,,,,,,,,,,,,,,,0.0305,0.0305,,,
0,0,BAU,,LUBRI,,,2022,,,,,,,,,,,,,,,0.0321,0.0321,,,
0,0,BAU,,LUBRI,,,2023,,,,,,,,,,,,,,,0.0337,0.0337,,,
0,0,BAU,,LUBRI,,,2024,,,,,,,,,,,,,,,0.0354,0.0354,,,
0,0,BAU,,LUBRI,,,2025,,,,,,,,,,,,,,,0.0371,0.0371,,,
0,0,BAU,,LUBRI,,,2026,,,,,,,,,,,,,,,0.0389,0.0389,,,
0,0,BAU,,LUBRI,,,2027,,,,,,,,,,,,,,,0.0407,0.0407,,,
0,0,BAU,,LUBRI,,,2028,,,,,,,,,,,,,,,0.0427,0.0427,,,
0,0,BAU,,LUBRI,,,2029,,,,,,,,,,,,,,,0.0446,0.0446,,,
0,0,BAU,,LUBRI,,,2030,,,,,,,,,,,,,,,0.0467,0.0467,,,
0,0,BAU,,LUBRI,,,2031,,,,,,,,,,,,,,,0.0488,0.0488,,,
0,0,BAU,,LUBRI,,,2032,,,,,,,,,,,,,,,0.051,0.051,,,
0,0,BAU,,LUBRI,,,2033,,,,,,,,,,,,,,,0.0533,0.0533,,,
0,0,BAU,,LUBRI,,,2034,,,,,,,,,,,,,,,0.0557,0.0557,,,
0,0,BAU,,LUBRI,,,2035,,,,,,,,,,,,,,,0.0582,0.0582,,,
0,0,BAU,,LUBRI,,,2036,,,,,,,,,,,,,,,0.0607,0.0607,,,
0,0,BAU,,LUBRI,,,2037,,,,,,,,,,,,,,,0.0634,0.0634,,,
0,0,BAU,,LUBRI,,,2038,,,,,,,,,,,,,,,0.0662,0.0662,,,
0,0,BAU,,LUBRI,,,2039,,,,,,,,,,,,,,,0.069,0.069,,,
0,0,BAU,,LUBRI,,,2040,,,,,,,,,,,,,,,0.072,0.072,,,
0,0,BAU,,LUBRI,,,2041,,,,,,,,,,,,,,,0.0751,0.0751,,,
0,0,BAU,,LUBRI,,,2042,,,,,,,,,,,,,,,0.0783,0.0783,,,
0,0,BAU,,LUBRI,,,2043,,,,,,,,,,,,,,,0.0816,0.0816,,,
0,0,BAU,,LUBRI,,,2044,,,,,,,,,,,,,,,0.085,0.085,,,
0,0,BAU,,LUBRI,,,2045,,,,,,,,,,,,,,,0.0886,0.0886,,,
0,0,BAU,,LUBRI,,,2046,,,,,,,,,,,,,,,0.0923,0.0923,,,
0,0,BAU,,LUBRI,,,2047,,,,,,,,,,,,,,,0.0962,0.0962,,,
0,0,BAU,,LUBRI,,,2048,,,,,,,,,,,,,,,0.1002,0.1002,,,
0,0,BAU,,LUBRI,,,2049,,,,,,,,,,,,,,,0.1043,0.1043,,,
0,0,BAU,,LUBRI,,,2050,,,,,,,,,,,,,,,0.1086,0.1086,,,
0,0,BAU,,CERA_PAR,,,2018,,,,,,,,,,,,,,,0.0054,0.0054,,,
0,0,BAU,,CERA_PAR,,,2019,,,,,,,,,,,,,,,0.0057,0.0057,,,
0,0,BAU,,CERA_PAR,,,2020,,,,,,,,,,,,,,,0.0059,0.0059,,,
0,0,BAU,,CERA_PAR,,,2021,,,,,,,,,,,,,,,0.0062,0.0062,,,
0,0,BAU,,CERA_PAR,,,2022,,,,,,,,,,,,,,,0.0065,0.0065,,,
0,0,BAU,,CERA_PAR,,,2023,,,,,,,,,,,,,,,0.0068,0.0068,,,
0,0,BAU,,CERA_PAR,,,2024,,,,,,,,,,,,,,,0.0071,0.0071,,,
0,0,BAU,,CERA_PAR,,,2025,,,,,,,,,,,,,,,0.0075,0.0075,,,
0,0,BAU,,CERA_PAR,,,2026,,,,,,,,,,,,,,,0.0078,0.0078,,,
0,0,BAU,,CERA_PAR,,,2027,,,,,,,,,,,,,,,0.0081,0.0081,,,
0,0,BAU,,CERA_PAR,,,2028,,,,,,,,,,,,,,,0.0085,0.0085,,,
0,0,BAU,,CERA_PAR,,,2029,,,,,,,,,,,,,,,0.0089,0.0089,,,
0,0,BAU,,CERA_PAR,,,2030,,,,,,,,,,,,,,,0.0093,0.0093,,,
0,0,BAU,,CERA_PAR,,,2031,,,,,,,,,,,,,,,0.0097,0.0097,,,
0,0,BAU,,CERA_PAR,,,2032,,,,,,,,,,,,,,,0.0101,0.0101,,,
0,0,BAU,,CERA_PAR,,,2033,,,,,,,,,,,,,,,0.0105,0.0105,,,
0,0,BAU,,CERA_PAR,,,2034,,,,,,,,,,,,,,,0.011,0.011,,,
0,0,BAU,,CERA_PAR,,,2035,,,,,,,,,,,,,,,0.0114,0.0114,,,
0,0,BAU,,CERA_PAR,,,2036,,,,,,,,,,,,,,,0.0119,0.0119,,,
0,0,BAU,,CERA_PAR,,,2037,,,,,,,,,,,,,,,0.0124,0.0124,,,
0,0,BAU,,CERA_PAR,,,2038,,,,,,,,,,,,,,,0.0129,0.0129,,,
0,0,BAU,,CERA_PAR,,,2039,,,,,,,,,,,,,,,0.0135,0.0135,,,
0,0,BAU,,CERA_PAR,,,2040,,,,,,,,,,,,,,,0.014,0.014,,,
0,0,BAU,,CERA_PAR,,,2041,,,,,,,,,,,,,,,0.0146,0.0146,,,
0,0,BAU,,CERA_PAR,,,2042,,,,,,,,,,,,,,,0.0152,0.0152,,,
0,0,BAU,,CERA_PAR,,,2043,,,,,,,,,,,,,,,0.0158,0.0158,,,
0,0,BAU,,CERA_PAR,,,2044,,,,,,,,,,,,,,,0.0165,0.0165,,,
0,0,BAU,,CERA_PAR,,,2045,,,,,,,,,,,,,,,0.0172,0.0172,,,
0,0,BAU,,CERA_PAR,,,2046,,,,,,,,,,,,,,,0.0179,0.0179,,,
0,0,BAU,,CERA_PAR,,,2047,,,,,,,,,,,,,,,0.0186,0.0186,,,
0,0,BAU,,CERA_PAR,,,2048,,,,,,,,,,,,,,,0.0193,0.0193,,,
0,0,BAU,,CERA_PAR,,,2049,,,,,,,,,,,,,,,0.0201,0.0201,,,
0,0,BAU,,CERA_PAR,,,2050,,,,,,,,,,,,,,,0.0209,0.0209,,,
0,0,BAU,E5_CEM_PRODCEM_PROD,,,All,2018,,,,,,,,,,,,,,,,,,1,
0,0,BAU,E5_CEM_PRODCEM_PROD,,,All,2019,,,,,,,,,,,,,,,,,,1,
0,0,BAU,E5_CEM_PRODCEM_PROD,,,All,2020,,,,,,,,,,,,,,,,,,1,
0,0,BAU,E5_CEM_PRODCEM_PROD,,,All,2021,,,,,,,,,,,,,,,,,,1,
0,0,BAU,E5_CEM_PRODCEM_PROD,,,All,2022,,,,,,,,,,,,,,,,,,1,
0,0,BAU,E5_CEM_PRODCEM_PROD,,,All,2023,,,,,,,,,,,,,,,,,,1,
0,0,BAU,E5_CEM_PRODCEM_PROD,,,All,2024,,,,,,,,,,,,,,,,,,1,
0,0,BAU,E5_CEM_PRODCEM_PROD,,,All,2025,,,,,,,,,,,,,,,,,,1,
0,0,BAU,E5_CEM_PRODCEM_PROD,,,All,2026,,,,,,,,,,,,,,,,,,1,
0,0,BAU,E5_CEM_PRODCEM_PROD,,,All,2027,,,,,,,,,,,,,,,,,,1,
0,0,BAU,E5_CEM_PRODCEM_PROD,,,All,2028,,,,,,,,,,,,,,,,,,1,
0,0,BAU,E5_CEM_PRODCEM_PROD,,,All,2029,,,,,,,,,,,,,,,,,,1,
0,0,BAU,E5_CEM_PRODCEM_PROD,,,All,2030,,,,,,,,,,,,,,,,,,1,
0,0,BAU,E5_CEM_PRODCEM_PROD,,,All,2031,,,,,,,,,,,,,,,,,,1,
0,0,BAU,E5_CEM_PRODCEM_PROD,,,All,2032,,,,,,,,,,,,,,,,,,1,
0,0,BAU,E5_CEM_PRODCEM_PROD,,,All,2033,,,,,,,,,,,,,,,,,,1,
0,0,BAU,E5_CEM_PRODCEM_PROD,,,All,2034,,,,,,,,,,,,,,,,,,1,
0,0,BAU,E5_CEM_PRODCEM_PROD,,,All,2035,,,,,,,,,,,,,,,,,,1,
0,0,BAU,E5_CEM_PRODCEM_PROD,,,All,2036,,,,,,,,,,,,,,,,,,1,
0,0,BAU,E5_CEM_PRODCEM_PROD,,,All,2037,,,,,,,,,,,,,,,,,,1,
0,0,BAU,E5_CEM_PRODCEM_PROD,,,All,2038,,,,,,,,,,,,,,,,,,1,
0,0,BAU,E5_CEM_PRODCEM_PROD,,,All,2039,,,,,,,,,,,,,,,,,,1,
0,0,BAU,E5_CEM_PRODCEM_PROD,,,All,2040,,,,,,,,,,,,,,,,,,1,
0,0,BAU,E5_CEM_PRODCEM_PROD,,,All,2041,,,,,,,,,,,,,,,,,,1,
0,0,BAU,E5_CEM_PRODCEM_PROD,,,All,2042,,,,,,,,,,,,,,,,,,1,
0,0,BAU,E5_CEM_PRODCEM_PROD,,,All,2043,,,,,,,,,,,,,,,,,,1,
0,0,BAU,E5_CEM_PRODCEM_PROD,,,All,2044,,,,,,,,,,,,,,,,,,1,
0,0,BAU,E5_CEM_PRODCEM_PROD,,,All,2045,,,,,,,,,,,,,,,,,,1,
0,0,BAU,E5_CEM_PRODCEM_PROD,,,All,2046,,,,,,,,,,,,,,,,,,1,
0,0,BAU,E5_CEM_PRODCEM_PROD,,,All,2047,,,,,,,,,,,,,,,,,,1,
0,0,BAU,E5_CEM_PRODCEM_PROD,,,All,2048,,,,,,,,,,,,,,,,,,1,
0,0,BAU,E5_CEM_PRODCEM_PROD,,,All,2049,,,,,,,,,,,,,,,,,,1,
0,0,BAU,E5_CEM_PRODCEM_PROD,,,All,2050,,,,,,,,,,,,,,,,,,1,
0,0,BAU,,,,All,2018,,,,,,,,,,,,,,,,,,,1
0,0,BAU,,,,All,2019,,,,,,,,,,,,,,,,,,,1
0,0,BAU,,,,All,2020,,,,,,,,,,,,,,,,,,,1
0,0,BAU,,,,All,2021,,,,,,,,,,,,,,,,,,,1
0,0,BAU,,,,All,2022,,,,,,,,,,,,,,,,,,,1
0,0,BAU,,,,All,2023,,,,,,,,,,,,,,,,,,,1
0,0,BAU,,,,All,2024,,,,,,,,,,,,,,,,,,,1
0,0,BAU,,,,All,2025,,,,,,,,,,,,,,,,,,,1
0,0,BAU,,,,All,2026,,,,,,,,,,,,,,,,,,,1
0,0,BAU,,,,All,2027,,,,,,,,,,,,,,,,,,,1
0,0,BAU,,,,All,2028,,,,,,,,,,,,,,,,,,,1
0,0,BAU,,,,All,2029,,,,,,,,,,,,,,,,,,,1
0,0,BAU,,,,All,2030,,,,,,,,,,,,,,,,,,,1
0,0,BAU,,,,All,2031,,,,,,,,,,,,,,,,,,,1
0,0,BAU,,,,All,2032,,,,,,,,,,,,,,,,,,,1
0,0,BAU,,,,All,2033,,,,,,,,,,,,,,,,,,,1
0,0,BAU,,,,All,2034,,,,,,,,,,,,,,,,,,,1
0,0,BAU,,,,All,2035,,,,,,,,,,,,,,,,,,,1
0,0,BAU,,,,All,2036,,,,,,,,,,,,,,,,,,,1
0,0,BAU,,,,All,2037,,,,,,,,,,,,,,,,,,,1
0,0,BAU,,,,All,2038,,,,,,,,,,,,,,,,,,,1
0,0,BAU,,,,All,2039,,,,,,,,,,,,,,,,,,,1
0,0,BAU,,,,All,2040,,,,,,,,,,,,,,,,,,,1
0,0,BAU,,,,All,2041,,,,,,,,,,,,,,,,,,,1
0,0,BAU,,,,All,2042,,,,,,,,,,,,,,,,,,,1
0,0,BAU,,,,All,2043,,,,,,,,,,,,,,,,,,,1
0,0,BAU,,,,All,2044,,,,,,,,,,,,,,,,,,,1
0,0,BAU,,,,All,2045,,,,,,,,,,,,,,,,,,,1
0,0,BAU,,,,All,2046,,,,,,,,,,,,,,,,,,,1
0,0,BAU,,,,All,2047,,,,,,,,,,,,,,,,,,,1
0,0,BAU,,,,All,2048,,,,,,,,,,,,,,,,,,,1
0,0,BAU,,,,All,2049,,,,,,,,,,,,,,,,,,,1
0,0,BAU,,,,All,2050,,,,,,,,,,,,,,,,,,,1
