PARAMETER,Scenario,REGION,TECHNOLOGY,FUEL,EMISSION,MODE_OF_OPERATION,YEAR,TIMESLICE,SEASON,DAYTYPE,DAILYTIMEBRACKET,STORAGE,Value
CapacityFactor,BAU,GUA,IMP_ELE,,,,2018,All,,,,,
CapacityFactor,BAU,GUA,IMP_ELE,,,,2019,All,,,,,
CapacityFactor,BAU,GUA,IMP_ELE,,,,2020,All,,,,,
CapacityFactor,BAU,GUA,IMP_ELE,,,,2021,All,,,,,
CapacityFactor,BAU,GUA,IMP_ELE,,,,2022,All,,,,,
CapacityFactor,BAU,GUA,IMP_ELE,,,,2023,All,,,,,
CapacityFactor,BAU,GUA,IMP_ELE,,,,2024,All,,,,,
CapacityFactor,BAU,GUA,IMP_ELE,,,,2025,All,,,,,
CapacityFactor,BAU,GUA,IMP_ELE,,,,2026,All,,,,,
CapacityFactor,BAU,GUA,IMP_ELE,,,,2027,All,,,,,
CapacityFactor,BAU,GUA,IMP_ELE,,,,2028,All,,,,,
CapacityFactor,BAU,GUA,IMP_ELE,,,,2029,All,,,,,
CapacityFactor,BAU,GUA,IMP_ELE,,,,2030,All,,,,,
CapacityFactor,BAU,GUA,IMP_ELE,,,,2031,All,,,,,
CapacityFactor,BAU,GUA,IMP_ELE,,,,2032,All,,,,,
CapacityFactor,BAU,GUA,IMP_ELE,,,,2033,All,,,,,
CapacityFactor,BAU,GUA,IMP_ELE,,,,2034,All,,,,,
CapacityFactor,BAU,GUA,IMP_ELE,,,,2035,All,,,,,
CapacityFactor,BAU,GUA,IMP_ELE,,,,2036,All,,,,,
CapacityFactor,BAU,GUA,IMP_ELE,,,,2037,All,,,,,
CapacityFactor,BAU,GUA,IMP_ELE,,,,2038,All,,,,,
CapacityFactor,BAU,GUA,IMP_ELE,,,,2039,All,,,,,
CapacityFactor,BAU,GUA,IMP_ELE,,,,2040,All,,,,,
CapacityFactor,BAU,GUA,IMP_ELE,,,,2041,All,,,,,
CapacityFactor,BAU,GUA,IMP_ELE,,,,2042,All,,,,,
CapacityFactor,BAU,GUA,IMP_ELE,,,,2043,All,,,,,
CapacityFactor,BAU,GUA,IMP_ELE,,,,2044,All,,,,,
CapacityFactor,BAU,GUA,IMP_ELE,,,,2045,All,,,,,
CapacityFactor,BAU,GUA,IMP_ELE,,,,2046,All,,,,,
CapacityFactor,BAU,GUA,IMP_ELE,,,,2047,All,,,,,
CapacityFactor,BAU,GUA,IMP_ELE,,,,2048,All,,,,,
CapacityFactor,BAU,GUA,IMP_ELE,,,,2049,All,,,,,
CapacityFactor,BAU,GUA,IMP_ELE,,,,2050,All,,,,,
CapacityFactor,BAU,GUA,PPHDAM,,,,2018,All,,,,,0.3984
CapacityFactor,BAU,GUA,PPHDAM,,,,2019,All,,,,,0.3166
CapacityFactor,BAU,GUA,PPHDAM,,,,2020,All,,,,,0.4239
CapacityFactor,BAU,GUA,PPHDAM,,,,2021,All,,,,,0.4346
CapacityFactor,BAU,GUA,PPHDAM,,,,2022,All,,,,,0.5069
CapacityFactor,BAU,GUA,PPHDAM,,,,2023,All,,,,,0.4034
CapacityFactor,BAU,GUA,PPHDAM,,,,2024,All,,,,,0.5069
CapacityFactor,BAU,GUA,PPHDAM,,,,2025,All,,,,,0.5069
CapacityFactor,BAU,GUA,PPHDAM,,,,2026,All,,,,,0.5069
CapacityFactor,BAU,GUA,PPHDAM,,,,2027,All,,,,,0.5069
CapacityFactor,BAU,GUA,PPHDAM,,,,2028,All,,,,,0.5069
CapacityFactor,BAU,GUA,PPHDAM,,,,2029,All,,,,,0.5069
CapacityFactor,BAU,GUA,PPHDAM,,,,2030,All,,,,,0.5069
CapacityFactor,BAU,GUA,PPHDAM,,,,2031,All,,,,,0.5069
CapacityFactor,BAU,GUA,PPHDAM,,,,2032,All,,,,,0.5069
CapacityFactor,BAU,GUA,PPHDAM,,,,2033,All,,,,,0.5069
CapacityFactor,BAU,GUA,PPHDAM,,,,2034,All,,,,,0.5069
CapacityFactor,BAU,GUA,PPHDAM,,,,2035,All,,,,,0.5069
CapacityFactor,BAU,GUA,PPHDAM,,,,2036,All,,,,,0.5069
CapacityFactor,BAU,GUA,PPHDAM,,,,2037,All,,,,,0.5069
CapacityFactor,BAU,GUA,PPHDAM,,,,2038,All,,,,,0.5069
CapacityFactor,BAU,GUA,PPHDAM,,,,2039,All,,,,,0.5069
CapacityFactor,BAU,GUA,PPHDAM,,,,2040,All,,,,,0.5069
CapacityFactor,BAU,GUA,PPHDAM,,,,2041,All,,,,,0.5069
CapacityFactor,BAU,GUA,PPHDAM,,,,2042,All,,,,,0.5069
CapacityFactor,BAU,GUA,PPHDAM,,,,2043,All,,,,,0.5069
CapacityFactor,BAU,GUA,PPHDAM,,,,2044,All,,,,,0.5069
CapacityFactor,BAU,GUA,PPHDAM,,,,2045,All,,,,,0.5069
CapacityFactor,BAU,GUA,PPHDAM,,,,2046,All,,,,,0.5069
CapacityFactor,BAU,GUA,PPHDAM,,,,2047,All,,,,,0.5069
CapacityFactor,BAU,GUA,PPHDAM,,,,2048,All,,,,,0.5069
CapacityFactor,BAU,GUA,PPHDAM,,,,2049,All,,,,,0.5069
CapacityFactor,BAU,GUA,PPHDAM,,,,2050,All,,,,,0.5069
CapacityFactor,BAU,GUA,PPHROR,,,,2018,All,,,,,0.3462
CapacityFactor,BAU,GUA,PPHROR,,,,2019,All,,,,,0.3345
CapacityFactor,BAU,GUA,PPHROR,,,,2020,All,,,,,0.3758
CapacityFactor,BAU,GUA,PPHROR,,,,2021,All,,,,,0.3565
CapacityFactor,BAU,GUA,PPHROR,,,,2022,All,,,,,0.3969
CapacityFactor,BAU,GUA,PPHROR,,,,2023,All,,,,,0.3607
CapacityFactor,BAU,GUA,PPHROR,,,,2024,All,,,,,0.3969
CapacityFactor,BAU,GUA,PPHROR,,,,2025,All,,,,,0.3969
CapacityFactor,BAU,GUA,PPHROR,,,,2026,All,,,,,0.3969
CapacityFactor,BAU,GUA,PPHROR,,,,2027,All,,,,,0.3969
CapacityFactor,BAU,GUA,PPHROR,,,,2028,All,,,,,0.3969
CapacityFactor,BAU,GUA,PPHROR,,,,2029,All,,,,,0.3969
CapacityFactor,BAU,GUA,PPHROR,,,,2030,All,,,,,0.3969
CapacityFactor,BAU,GUA,PPHROR,,,,2031,All,,,,,0.3969
CapacityFactor,BAU,GUA,PPHROR,,,,2032,All,,,,,0.3969
CapacityFactor,BAU,GUA,PPHROR,,,,2033,All,,,,,0.3969
CapacityFactor,BAU,GUA,PPHROR,,,,2034,All,,,,,0.3969
CapacityFactor,BAU,GUA,PPHROR,,,,2035,All,,,,,0.3969
CapacityFactor,BAU,GUA,PPHROR,,,,2036,All,,,,,0.3969
CapacityFactor,BAU,GUA,PPHROR,,,,2037,All,,,,,0.3969
CapacityFactor,BAU,GUA,PPHROR,,,,2038,All,,,,,0.3969
CapacityFactor,BAU,GUA,PPHROR,,,,2039,All,,,,,0.3969
CapacityFactor,BAU,GUA,PPHROR,,,,2040,All,,,,,0.3969
CapacityFactor,BAU,GUA,PPHROR,,,,2041,All,,,,,0.3969
CapacityFactor,BAU,GUA,PPHROR,,,,2042,All,,,,,0.3969
CapacityFactor,BAU,GUA,PPHROR,,,,2043,All,,,,,0.3969
CapacityFactor,BAU,GUA,PPHROR,,,,2044,All,,,,,0.3969
CapacityFactor,BAU,GUA,PPHROR,,,,2045,All,,,,,0.3969
CapacityFactor,BAU,GUA,PPHROR,,,,2046,All,,,,,0.3969
CapacityFactor,BAU,GUA,PPHROR,,,,2047,All,,,,,0.3969
CapacityFactor,BAU,GUA,PPHROR,,,,2048,All,,,,,0.3969
CapacityFactor,BAU,GUA,PPHROR,,,,2049,All,,,,,0.3969
CapacityFactor,BAU,GUA,PPHROR,,,,2050,All,,,,,0.3969
CapacityFactor,BAU,GUA,PPGEO,,,,2018,All,,,,,0.5795
CapacityFactor,BAU,GUA,PPGEO,,,,2019,All,,,,,0.5755
CapacityFactor,BAU,GUA,PPGEO,,,,2020,All,,,,,0.6354
CapacityFactor,BAU,GUA,PPGEO,,,,2021,All,,,,,0.6148
CapacityFactor,BAU,GUA,PPGEO,,,,2022,All,,,,,0.6543
CapacityFactor,BAU,GUA,PPGEO,,,,2023,All,,,,,0.6623
CapacityFactor,BAU,GUA,PPGEO,,,,2024,All,,,,,0.6623
CapacityFactor,BAU,GUA,PPGEO,,,,2025,All,,,,,0.6623
CapacityFactor,BAU,GUA,PPGEO,,,,2026,All,,,,,0.6623
CapacityFactor,BAU,GUA,PPGEO,,,,2027,All,,,,,0.6623
CapacityFactor,BAU,GUA,PPGEO,,,,2028,All,,,,,0.6623
CapacityFactor,BAU,GUA,PPGEO,,,,2029,All,,,,,0.6623
CapacityFactor,BAU,GUA,PPGEO,,,,2030,All,,,,,0.6623
CapacityFactor,BAU,GUA,PPGEO,,,,2031,All,,,,,0.6623
CapacityFactor,BAU,GUA,PPGEO,,,,2032,All,,,,,0.6623
CapacityFactor,BAU,GUA,PPGEO,,,,2033,All,,,,,0.6623
CapacityFactor,BAU,GUA,PPGEO,,,,2034,All,,,,,0.6623
CapacityFactor,BAU,GUA,PPGEO,,,,2035,All,,,,,0.6623
CapacityFactor,BAU,GUA,PPGEO,,,,2036,All,,,,,0.6623
CapacityFactor,BAU,GUA,PPGEO,,,,2037,All,,,,,0.6623
CapacityFactor,BAU,GUA,PPGEO,,,,2038,All,,,,,0.6623
CapacityFactor,BAU,GUA,PPGEO,,,,2039,All,,,,,0.6623
CapacityFactor,BAU,GUA,PPGEO,,,,2040,All,,,,,0.6623
CapacityFactor,BAU,GUA,PPGEO,,,,2041,All,,,,,0.6623
CapacityFactor,BAU,GUA,PPGEO,,,,2042,All,,,,,0.6623
CapacityFactor,BAU,GUA,PPGEO,,,,2043,All,,,,,0.6623
CapacityFactor,BAU,GUA,PPGEO,,,,2044,All,,,,,0.6623
CapacityFactor,BAU,GUA,PPGEO,,,,2045,All,,,,,0.6623
CapacityFactor,BAU,GUA,PPGEO,,,,2046,All,,,,,0.6623
CapacityFactor,BAU,GUA,PPGEO,,,,2047,All,,,,,0.6623
CapacityFactor,BAU,GUA,PPGEO,,,,2048,All,,,,,0.6623
CapacityFactor,BAU,GUA,PPGEO,,,,2049,All,,,,,0.6623
CapacityFactor,BAU,GUA,PPGEO,,,,2050,All,,,,,0.6623
CapacityFactor,BAU,GUA,PPWNDON,,,,2018,All,,,,,0.3396
CapacityFactor,BAU,GUA,PPWNDON,,,,2019,All,,,,,0.3516
CapacityFactor,BAU,GUA,PPWNDON,,,,2020,All,,,,,0.3324
CapacityFactor,BAU,GUA,PPWNDON,,,,2021,All,,,,,0.3442
CapacityFactor,BAU,GUA,PPWNDON,,,,2022,All,,,,,0.3336
CapacityFactor,BAU,GUA,PPWNDON,,,,2023,All,,,,,0.3656
CapacityFactor,BAU,GUA,PPWNDON,,,,2024,All,,,,,0.45
CapacityFactor,BAU,GUA,PPWNDON,,,,2025,All,,,,,0.46
CapacityFactor,BAU,GUA,PPWNDON,,,,2026,All,,,,,0.46
CapacityFactor,BAU,GUA,PPWNDON,,,,2027,All,,,,,0.47
CapacityFactor,BAU,GUA,PPWNDON,,,,2028,All,,,,,0.47
CapacityFactor,BAU,GUA,PPWNDON,,,,2029,All,,,,,0.47
CapacityFactor,BAU,GUA,PPWNDON,,,,2030,All,,,,,0.48
CapacityFactor,BAU,GUA,PPWNDON,,,,2031,All,,,,,0.48
CapacityFactor,BAU,GUA,PPWNDON,,,,2032,All,,,,,0.48
CapacityFactor,BAU,GUA,PPWNDON,,,,2033,All,,,,,0.48
CapacityFactor,BAU,GUA,PPWNDON,,,,2034,All,,,,,0.48
CapacityFactor,BAU,GUA,PPWNDON,,,,2035,All,,,,,0.48
CapacityFactor,BAU,GUA,PPWNDON,,,,2036,All,,,,,0.48
CapacityFactor,BAU,GUA,PPWNDON,,,,2037,All,,,,,0.48
CapacityFactor,BAU,GUA,PPWNDON,,,,2038,All,,,,,0.48
CapacityFactor,BAU,GUA,PPWNDON,,,,2039,All,,,,,0.48
CapacityFactor,BAU,GUA,PPWNDON,,,,2040,All,,,,,0.48
CapacityFactor,BAU,GUA,PPWNDON,,,,2041,All,,,,,0.48
CapacityFactor,BAU,GUA,PPWNDON,,,,2042,All,,,,,0.48
CapacityFactor,BAU,GUA,PPWNDON,,,,2043,All,,,,,0.48
CapacityFactor,BAU,GUA,PPWNDON,,,,2044,All,,,,,0.48
CapacityFactor,BAU,GUA,PPWNDON,,,,2045,All,,,,,0.48
CapacityFactor,BAU,GUA,PPWNDON,,,,2046,All,,,,,0.48
CapacityFactor,BAU,GUA,PPWNDON,,,,2047,All,,,,,0.48
CapacityFactor,BAU,GUA,PPWNDON,,,,2048,All,,,,,0.48
CapacityFactor,BAU,GUA,PPWNDON,,,,2049,All,,,,,0.48
CapacityFactor,BAU,GUA,PPWNDON,,,,2050,All,,,,,0.48
CapacityFactor,BAU,GUA,PPPVT,,,,2018,All,,,,,0.2607
CapacityFactor,BAU,GUA,PPPVT,,,,2019,All,,,,,0.2945
CapacityFactor,BAU,GUA,PPPVT,,,,2020,All,,,,,0.2716
CapacityFactor,BAU,GUA,PPPVT,,,,2021,All,,,,,0.2893
CapacityFactor,BAU,GUA,PPPVT,,,,2022,All,,,,,0.2757
CapacityFactor,BAU,GUA,PPPVT,,,,2023,All,,,,,0.2887
CapacityFactor,BAU,GUA,PPPVT,,,,2024,All,,,,,0.2887
CapacityFactor,BAU,GUA,PPPVT,,,,2025,All,,,,,0.2887
CapacityFactor,BAU,GUA,PPPVT,,,,2026,All,,,,,0.2887
CapacityFactor,BAU,GUA,PPPVT,,,,2027,All,,,,,0.2887
CapacityFactor,BAU,GUA,PPPVT,,,,2028,All,,,,,0.2887
CapacityFactor,BAU,GUA,PPPVT,,,,2029,All,,,,,0.2887
CapacityFactor,BAU,GUA,PPPVT,,,,2030,All,,,,,0.2887
CapacityFactor,BAU,GUA,PPPVT,,,,2031,All,,,,,0.2887
CapacityFactor,BAU,GUA,PPPVT,,,,2032,All,,,,,0.2887
CapacityFactor,BAU,GUA,PPPVT,,,,2033,All,,,,,0.2887
CapacityFactor,BAU,GUA,PPPVT,,,,2034,All,,,,,0.2887
CapacityFactor,BAU,GUA,PPPVT,,,,2035,All,,,,,0.2887
CapacityFactor,BAU,GUA,PPPVT,,,,2036,All,,,,,0.29
CapacityFactor,BAU,GUA,PPPVT,,,,2037,All,,,,,0.29
CapacityFactor,BAU,GUA,PPPVT,,,,2038,All,,,,,0.29
CapacityFactor,BAU,GUA,PPPVT,,,,2039,All,,,,,0.29
CapacityFactor,BAU,GUA,PPPVT,,,,2040,All,,,,,0.29
CapacityFactor,BAU,GUA,PPPVT,,,,2041,All,,,,,0.29
CapacityFactor,BAU,GUA,PPPVT,,,,2042,All,,,,,0.29
CapacityFactor,BAU,GUA,PPPVT,,,,2043,All,,,,,0.29
CapacityFactor,BAU,GUA,PPPVT,,,,2044,All,,,,,0.29
CapacityFactor,BAU,GUA,PPPVT,,,,2045,All,,,,,0.3
CapacityFactor,BAU,GUA,PPPVT,,,,2046,All,,,,,0.3
CapacityFactor,BAU,GUA,PPPVT,,,,2047,All,,,,,0.3
CapacityFactor,BAU,GUA,PPPVT,,,,2048,All,,,,,0.3
CapacityFactor,BAU,GUA,PPPVT,,,,2049,All,,,,,0.3
CapacityFactor,BAU,GUA,PPPVT,,,,2050,All,,,,,0.3
CapacityFactor,BAU,GUA,PPPVT2,,,,2018,All,,,,,0.2981
CapacityFactor,BAU,GUA,PPPVT2,,,,2019,All,,,,,0.2981
CapacityFactor,BAU,GUA,PPPVT2,,,,2020,All,,,,,0.2981
CapacityFactor,BAU,GUA,PPPVT2,,,,2021,All,,,,,0.2981
CapacityFactor,BAU,GUA,PPPVT2,,,,2022,All,,,,,0.2981
CapacityFactor,BAU,GUA,PPPVT2,,,,2023,All,,,,,0.2981
CapacityFactor,BAU,GUA,PPPVT2,,,,2024,All,,,,,0.2981
CapacityFactor,BAU,GUA,PPPVT2,,,,2025,All,,,,,0.2981
CapacityFactor,BAU,GUA,PPPVT2,,,,2026,All,,,,,0.2981
CapacityFactor,BAU,GUA,PPPVT2,,,,2027,All,,,,,0.2981
CapacityFactor,BAU,GUA,PPPVT2,,,,2028,All,,,,,0.2981
CapacityFactor,BAU,GUA,PPPVT2,,,,2029,All,,,,,0.2981
CapacityFactor,BAU,GUA,PPPVT2,,,,2030,All,,,,,0.2981
CapacityFactor,BAU,GUA,PPPVT2,,,,2031,All,,,,,0.2981
CapacityFactor,BAU,GUA,PPPVT2,,,,2032,All,,,,,0.2981
CapacityFactor,BAU,GUA,PPPVT2,,,,2033,All,,,,,0.2981
CapacityFactor,BAU,GUA,PPPVT2,,,,2034,All,,,,,0.2981
CapacityFactor,BAU,GUA,PPPVT2,,,,2035,All,,,,,0.2981
CapacityFactor,BAU,GUA,PPPVT2,,,,2036,All,,,,,0.2981
CapacityFactor,BAU,GUA,PPPVT2,,,,2037,All,,,,,0.2981
CapacityFactor,BAU,GUA,PPPVT2,,,,2038,All,,,,,0.2981
CapacityFactor,BAU,GUA,PPPVT2,,,,2039,All,,,,,0.2981
CapacityFactor,BAU,GUA,PPPVT2,,,,2040,All,,,,,0.2981
CapacityFactor,BAU,GUA,PPPVT2,,,,2041,All,,,,,0.2981
CapacityFactor,BAU,GUA,PPPVT2,,,,2042,All,,,,,0.2981
CapacityFactor,BAU,GUA,PPPVT2,,,,2043,All,,,,,0.2981
CapacityFactor,BAU,GUA,PPPVT2,,,,2044,All,,,,,0.2981
CapacityFactor,BAU,GUA,PPPVT2,,,,2045,All,,,,,0.2981
CapacityFactor,BAU,GUA,PPPVT2,,,,2046,All,,,,,0.2981
CapacityFactor,BAU,GUA,PPPVT2,,,,2047,All,,,,,0.2981
CapacityFactor,BAU,GUA,PPPVT2,,,,2048,All,,,,,0.2981
CapacityFactor,BAU,GUA,PPPVT2,,,,2049,All,,,,,0.2981
CapacityFactor,BAU,GUA,PPPVT2,,,,2050,All,,,,,0.2981
CapacityFactor,BAU,GUA,PPPVTS,,,,2018,All,,,,,0.0
CapacityFactor,BAU,GUA,PPPVTS,,,,2019,All,,,,,0.0
CapacityFactor,BAU,GUA,PPPVTS,,,,2020,All,,,,,0.0
CapacityFactor,BAU,GUA,PPPVTS,,,,2021,All,,,,,0.2893
CapacityFactor,BAU,GUA,PPPVTS,,,,2022,All,,,,,0.2757
CapacityFactor,BAU,GUA,PPPVTS,,,,2023,All,,,,,0.2887
CapacityFactor,BAU,GUA,PPPVTS,,,,2024,All,,,,,0.2887
CapacityFactor,BAU,GUA,PPPVTS,,,,2025,All,,,,,0.2887
CapacityFactor,BAU,GUA,PPPVTS,,,,2026,All,,,,,0.2887
CapacityFactor,BAU,GUA,PPPVTS,,,,2027,All,,,,,0.2887
CapacityFactor,BAU,GUA,PPPVTS,,,,2028,All,,,,,0.29
CapacityFactor,BAU,GUA,PPPVTS,,,,2029,All,,,,,0.29
CapacityFactor,BAU,GUA,PPPVTS,,,,2030,All,,,,,0.29
CapacityFactor,BAU,GUA,PPPVTS,,,,2031,All,,,,,0.29
CapacityFactor,BAU,GUA,PPPVTS,,,,2032,All,,,,,0.29
CapacityFactor,BAU,GUA,PPPVTS,,,,2033,All,,,,,0.29
CapacityFactor,BAU,GUA,PPPVTS,,,,2034,All,,,,,0.3
CapacityFactor,BAU,GUA,PPPVTS,,,,2035,All,,,,,0.3
CapacityFactor,BAU,GUA,PPPVTS,,,,2036,All,,,,,0.3
CapacityFactor,BAU,GUA,PPPVTS,,,,2037,All,,,,,0.3
CapacityFactor,BAU,GUA,PPPVTS,,,,2038,All,,,,,0.3
CapacityFactor,BAU,GUA,PPPVTS,,,,2039,All,,,,,0.3
CapacityFactor,BAU,GUA,PPPVTS,,,,2040,All,,,,,0.3
CapacityFactor,BAU,GUA,PPPVTS,,,,2041,All,,,,,0.3
CapacityFactor,BAU,GUA,PPPVTS,,,,2042,All,,,,,0.31
CapacityFactor,BAU,GUA,PPPVTS,,,,2043,All,,,,,0.31
CapacityFactor,BAU,GUA,PPPVTS,,,,2044,All,,,,,0.31
CapacityFactor,BAU,GUA,PPPVTS,,,,2045,All,,,,,0.31
CapacityFactor,BAU,GUA,PPPVTS,,,,2046,All,,,,,0.31
CapacityFactor,BAU,GUA,PPPVTS,,,,2047,All,,,,,0.31
CapacityFactor,BAU,GUA,PPPVTS,,,,2048,All,,,,,0.31
CapacityFactor,BAU,GUA,PPPVTS,,,,2049,All,,,,,0.31
CapacityFactor,BAU,GUA,PPPVTS,,,,2050,All,,,,,0.31
CapacityFactor,BAU,GUA,PPPVD,,,,2018,All,,,,,0.2341
CapacityFactor,BAU,GUA,PPPVD,,,,2019,All,,,,,0.2469
CapacityFactor,BAU,GUA,PPPVD,,,,2020,All,,,,,0.2861
CapacityFactor,BAU,GUA,PPPVD,,,,2021,All,,,,,0.2361
CapacityFactor,BAU,GUA,PPPVD,,,,2022,All,,,,,0.1839
CapacityFactor,BAU,GUA,PPPVD,,,,2023,All,,,,,0.2336
CapacityFactor,BAU,GUA,PPPVD,,,,2024,All,,,,,0.2861
CapacityFactor,BAU,GUA,PPPVD,,,,2025,All,,,,,0.2861
CapacityFactor,BAU,GUA,PPPVD,,,,2026,All,,,,,0.2861
CapacityFactor,BAU,GUA,PPPVD,,,,2027,All,,,,,0.2861
CapacityFactor,BAU,GUA,PPPVD,,,,2028,All,,,,,0.2861
CapacityFactor,BAU,GUA,PPPVD,,,,2029,All,,,,,0.2861
CapacityFactor,BAU,GUA,PPPVD,,,,2030,All,,,,,0.2861
CapacityFactor,BAU,GUA,PPPVD,,,,2031,All,,,,,0.2861
CapacityFactor,BAU,GUA,PPPVD,,,,2032,All,,,,,0.2861
CapacityFactor,BAU,GUA,PPPVD,,,,2033,All,,,,,0.2861
CapacityFactor,BAU,GUA,PPPVD,,,,2034,All,,,,,0.2861
CapacityFactor,BAU,GUA,PPPVD,,,,2035,All,,,,,0.2861
CapacityFactor,BAU,GUA,PPPVD,,,,2036,All,,,,,0.2861
CapacityFactor,BAU,GUA,PPPVD,,,,2037,All,,,,,0.2861
CapacityFactor,BAU,GUA,PPPVD,,,,2038,All,,,,,0.2861
CapacityFactor,BAU,GUA,PPPVD,,,,2039,All,,,,,0.2861
CapacityFactor,BAU,GUA,PPPVD,,,,2040,All,,,,,0.2861
CapacityFactor,BAU,GUA,PPPVD,,,,2041,All,,,,,0.2861
CapacityFactor,BAU,GUA,PPPVD,,,,2042,All,,,,,0.2861
CapacityFactor,BAU,GUA,PPPVD,,,,2043,All,,,,,0.2861
CapacityFactor,BAU,GUA,PPPVD,,,,2044,All,,,,,0.2861
CapacityFactor,BAU,GUA,PPPVD,,,,2045,All,,,,,0.2861
CapacityFactor,BAU,GUA,PPPVD,,,,2046,All,,,,,0.2861
CapacityFactor,BAU,GUA,PPPVD,,,,2047,All,,,,,0.2861
CapacityFactor,BAU,GUA,PPPVD,,,,2048,All,,,,,0.2861
CapacityFactor,BAU,GUA,PPPVD,,,,2049,All,,,,,0.2861
CapacityFactor,BAU,GUA,PPPVD,,,,2050,All,,,,,0.2861
CapacityFactor,BAU,GUA,PPPVDS,,,,2018,All,,,,,0.2341
CapacityFactor,BAU,GUA,PPPVDS,,,,2019,All,,,,,0.2469
CapacityFactor,BAU,GUA,PPPVDS,,,,2020,All,,,,,0.2861
CapacityFactor,BAU,GUA,PPPVDS,,,,2021,All,,,,,0.2361
CapacityFactor,BAU,GUA,PPPVDS,,,,2022,All,,,,,0.1839
CapacityFactor,BAU,GUA,PPPVDS,,,,2023,All,,,,,0.2336
CapacityFactor,BAU,GUA,PPPVDS,,,,2024,All,,,,,0.2861
CapacityFactor,BAU,GUA,PPPVDS,,,,2025,All,,,,,0.2861
CapacityFactor,BAU,GUA,PPPVDS,,,,2026,All,,,,,0.2861
CapacityFactor,BAU,GUA,PPPVDS,,,,2027,All,,,,,0.2861
CapacityFactor,BAU,GUA,PPPVDS,,,,2028,All,,,,,0.2861
CapacityFactor,BAU,GUA,PPPVDS,,,,2029,All,,,,,0.2861
CapacityFactor,BAU,GUA,PPPVDS,,,,2030,All,,,,,0.2861
CapacityFactor,BAU,GUA,PPPVDS,,,,2031,All,,,,,0.2861
CapacityFactor,BAU,GUA,PPPVDS,,,,2032,All,,,,,0.2861
CapacityFactor,BAU,GUA,PPPVDS,,,,2033,All,,,,,0.2861
CapacityFactor,BAU,GUA,PPPVDS,,,,2034,All,,,,,0.2861
CapacityFactor,BAU,GUA,PPPVDS,,,,2035,All,,,,,0.2861
CapacityFactor,BAU,GUA,PPPVDS,,,,2036,All,,,,,0.2861
CapacityFactor,BAU,GUA,PPPVDS,,,,2037,All,,,,,0.2861
CapacityFactor,BAU,GUA,PPPVDS,,,,2038,All,,,,,0.2861
CapacityFactor,BAU,GUA,PPPVDS,,,,2039,All,,,,,0.2861
CapacityFactor,BAU,GUA,PPPVDS,,,,2040,All,,,,,0.2861
CapacityFactor,BAU,GUA,PPPVDS,,,,2041,All,,,,,0.2861
CapacityFactor,BAU,GUA,PPPVDS,,,,2042,All,,,,,0.2861
CapacityFactor,BAU,GUA,PPPVDS,,,,2043,All,,,,,0.2861
CapacityFactor,BAU,GUA,PPPVDS,,,,2044,All,,,,,0.2861
CapacityFactor,BAU,GUA,PPPVDS,,,,2045,All,,,,,0.2861
CapacityFactor,BAU,GUA,PPPVDS,,,,2046,All,,,,,0.2861
CapacityFactor,BAU,GUA,PPPVDS,,,,2047,All,,,,,0.2861
CapacityFactor,BAU,GUA,PPPVDS,,,,2048,All,,,,,0.2861
CapacityFactor,BAU,GUA,PPPVDS,,,,2049,All,,,,,0.2861
CapacityFactor,BAU,GUA,PPPVDS,,,,2050,All,,,,,0.2861
CapacityFactor,BAU,GUA,PPBIM,,,,2018,All,,,,,0.1962
CapacityFactor,BAU,GUA,PPBIM,,,,2019,All,,,,,0.2048
CapacityFactor,BAU,GUA,PPBIM,,,,2020,All,,,,,0.1903
CapacityFactor,BAU,GUA,PPBIM,,,,2021,All,,,,,0.2305
CapacityFactor,BAU,GUA,PPBIM,,,,2022,All,,,,,0.2351
CapacityFactor,BAU,GUA,PPBIM,,,,2023,All,,,,,0.2321
CapacityFactor,BAU,GUA,PPBIM,,,,2024,All,,,,,0.6
CapacityFactor,BAU,GUA,PPBIM,,,,2025,All,,,,,0.6
CapacityFactor,BAU,GUA,PPBIM,,,,2026,All,,,,,0.6
CapacityFactor,BAU,GUA,PPBIM,,,,2027,All,,,,,0.6
CapacityFactor,BAU,GUA,PPBIM,,,,2028,All,,,,,0.6
CapacityFactor,BAU,GUA,PPBIM,,,,2029,All,,,,,0.6
CapacityFactor,BAU,GUA,PPBIM,,,,2030,All,,,,,0.6
CapacityFactor,BAU,GUA,PPBIM,,,,2031,All,,,,,0.6
CapacityFactor,BAU,GUA,PPBIM,,,,2032,All,,,,,0.6
CapacityFactor,BAU,GUA,PPBIM,,,,2033,All,,,,,0.6
CapacityFactor,BAU,GUA,PPBIM,,,,2034,All,,,,,0.6
CapacityFactor,BAU,GUA,PPBIM,,,,2035,All,,,,,0.6
CapacityFactor,BAU,GUA,PPBIM,,,,2036,All,,,,,0.6
CapacityFactor,BAU,GUA,PPBIM,,,,2037,All,,,,,0.6
CapacityFactor,BAU,GUA,PPBIM,,,,2038,All,,,,,0.6
CapacityFactor,BAU,GUA,PPBIM,,,,2039,All,,,,,0.6
CapacityFactor,BAU,GUA,PPBIM,,,,2040,All,,,,,0.6
CapacityFactor,BAU,GUA,PPBIM,,,,2041,All,,,,,0.6
CapacityFactor,BAU,GUA,PPBIM,,,,2042,All,,,,,0.6
CapacityFactor,BAU,GUA,PPBIM,,,,2043,All,,,,,0.6
CapacityFactor,BAU,GUA,PPBIM,,,,2044,All,,,,,0.6
CapacityFactor,BAU,GUA,PPBIM,,,,2045,All,,,,,0.6
CapacityFactor,BAU,GUA,PPBIM,,,,2046,All,,,,,0.6
CapacityFactor,BAU,GUA,PPBIM,,,,2047,All,,,,,0.6
CapacityFactor,BAU,GUA,PPBIM,,,,2048,All,,,,,0.6
CapacityFactor,BAU,GUA,PPBIM,,,,2049,All,,,,,0.6
CapacityFactor,BAU,GUA,PPBIM,,,,2050,All,,,,,0.6
CapacityFactor,BAU,GUA,PPBGS,,,,2018,All,,,,,0.4927
CapacityFactor,BAU,GUA,PPBGS,,,,2019,All,,,,,0.5867
CapacityFactor,BAU,GUA,PPBGS,,,,2020,All,,,,,0.7127
CapacityFactor,BAU,GUA,PPBGS,,,,2021,All,,,,,0.6391
CapacityFactor,BAU,GUA,PPBGS,,,,2022,All,,,,,0.4474
CapacityFactor,BAU,GUA,PPBGS,,,,2023,All,,,,,0.5624
CapacityFactor,BAU,GUA,PPBGS,,,,2024,All,,,,,0.7127
CapacityFactor,BAU,GUA,PPBGS,,,,2025,All,,,,,0.7127
CapacityFactor,BAU,GUA,PPBGS,,,,2026,All,,,,,0.7127
CapacityFactor,BAU,GUA,PPBGS,,,,2027,All,,,,,0.7127
CapacityFactor,BAU,GUA,PPBGS,,,,2028,All,,,,,0.7127
CapacityFactor,BAU,GUA,PPBGS,,,,2029,All,,,,,0.7127
CapacityFactor,BAU,GUA,PPBGS,,,,2030,All,,,,,0.7127
CapacityFactor,BAU,GUA,PPBGS,,,,2031,All,,,,,0.7127
CapacityFactor,BAU,GUA,PPBGS,,,,2032,All,,,,,0.7127
CapacityFactor,BAU,GUA,PPBGS,,,,2033,All,,,,,0.7127
CapacityFactor,BAU,GUA,PPBGS,,,,2034,All,,,,,0.7127
CapacityFactor,BAU,GUA,PPBGS,,,,2035,All,,,,,0.7127
CapacityFactor,BAU,GUA,PPBGS,,,,2036,All,,,,,0.7127
CapacityFactor,BAU,GUA,PPBGS,,,,2037,All,,,,,0.7127
CapacityFactor,BAU,GUA,PPBGS,,,,2038,All,,,,,0.7127
CapacityFactor,BAU,GUA,PPBGS,,,,2039,All,,,,,0.7127
CapacityFactor,BAU,GUA,PPBGS,,,,2040,All,,,,,0.7127
CapacityFactor,BAU,GUA,PPBGS,,,,2041,All,,,,,0.7127
CapacityFactor,BAU,GUA,PPBGS,,,,2042,All,,,,,0.7127
CapacityFactor,BAU,GUA,PPBGS,,,,2043,All,,,,,0.7127
CapacityFactor,BAU,GUA,PPBGS,,,,2044,All,,,,,0.7127
CapacityFactor,BAU,GUA,PPBGS,,,,2045,All,,,,,0.7127
CapacityFactor,BAU,GUA,PPBGS,,,,2046,All,,,,,0.7127
CapacityFactor,BAU,GUA,PPBGS,,,,2047,All,,,,,0.7127
CapacityFactor,BAU,GUA,PPBGS,,,,2048,All,,,,,0.7127
CapacityFactor,BAU,GUA,PPBGS,,,,2049,All,,,,,0.7127
CapacityFactor,BAU,GUA,PPBGS,,,,2050,All,,,,,0.7127
CapacityFactor,BAU,GUA,PPCOA,,,,2018,All,,,,,0.9098
CapacityFactor,BAU,GUA,PPCOA,,,,2019,All,,,,,0.9098
CapacityFactor,BAU,GUA,PPCOA,,,,2020,All,,,,,0.5854
CapacityFactor,BAU,GUA,PPCOA,,,,2021,All,,,,,0.7412
CapacityFactor,BAU,GUA,PPCOA,,,,2022,All,,,,,0.4998
CapacityFactor,BAU,GUA,PPCOA,,,,2023,All,,,,,0.734
CapacityFactor,BAU,GUA,PPCOA,,,,2024,All,,,,,0.734
CapacityFactor,BAU,GUA,PPCOA,,,,2025,All,,,,,0.734
CapacityFactor,BAU,GUA,PPCOA,,,,2026,All,,,,,0.734
CapacityFactor,BAU,GUA,PPCOA,,,,2027,All,,,,,0.734
CapacityFactor,BAU,GUA,PPCOA,,,,2028,All,,,,,0.734
CapacityFactor,BAU,GUA,PPCOA,,,,2029,All,,,,,0.734
CapacityFactor,BAU,GUA,PPCOA,,,,2030,All,,,,,0.734
CapacityFactor,BAU,GUA,PPCOA,,,,2031,All,,,,,0.734
CapacityFactor,BAU,GUA,PPCOA,,,,2032,All,,,,,0.734
CapacityFactor,BAU,GUA,PPCOA,,,,2033,All,,,,,0.734
CapacityFactor,BAU,GUA,PPCOA,,,,2034,All,,,,,0.734
CapacityFactor,BAU,GUA,PPCOA,,,,2035,All,,,,,0.734
CapacityFactor,BAU,GUA,PPCOA,,,,2036,All,,,,,0.734
CapacityFactor,BAU,GUA,PPCOA,,,,2037,All,,,,,0.734
CapacityFactor,BAU,GUA,PPCOA,,,,2038,All,,,,,0.734
CapacityFactor,BAU,GUA,PPCOA,,,,2039,All,,,,,0.734
CapacityFactor,BAU,GUA,PPCOA,,,,2040,All,,,,,0.734
CapacityFactor,BAU,GUA,PPCOA,,,,2041,All,,,,,0.734
CapacityFactor,BAU,GUA,PPCOA,,,,2042,All,,,,,0.734
CapacityFactor,BAU,GUA,PPCOA,,,,2043,All,,,,,0.734
CapacityFactor,BAU,GUA,PPCOA,,,,2044,All,,,,,0.734
CapacityFactor,BAU,GUA,PPCOA,,,,2045,All,,,,,0.734
CapacityFactor,BAU,GUA,PPCOA,,,,2046,All,,,,,0.734
CapacityFactor,BAU,GUA,PPCOA,,,,2047,All,,,,,0.734
CapacityFactor,BAU,GUA,PPCOA,,,,2048,All,,,,,0.734
CapacityFactor,BAU,GUA,PPCOA,,,,2049,All,,,,,0.734
CapacityFactor,BAU,GUA,PPCOA,,,,2050,All,,,,,0.734
CapacityFactor,BAU,GUA,PPDSL,,,,2018,All,,,,,0.0012
CapacityFactor,BAU,GUA,PPDSL,,,,2019,All,,,,,0.001
CapacityFactor,BAU,GUA,PPDSL,,,,2020,All,,,,,0.0031
CapacityFactor,BAU,GUA,PPDSL,,,,2021,All,,,,,0.0039
CapacityFactor,BAU,GUA,PPDSL,,,,2022,All,,,,,0.0059
CapacityFactor,BAU,GUA,PPDSL,,,,2023,All,,,,,0.0068
CapacityFactor,BAU,GUA,PPDSL,,,,2024,All,,,,,0.0068
CapacityFactor,BAU,GUA,PPDSL,,,,2025,All,,,,,0.0068
CapacityFactor,BAU,GUA,PPDSL,,,,2026,All,,,,,0.0068
CapacityFactor,BAU,GUA,PPDSL,,,,2027,All,,,,,0.0068
CapacityFactor,BAU,GUA,PPDSL,,,,2028,All,,,,,0.0068
CapacityFactor,BAU,GUA,PPDSL,,,,2029,All,,,,,0.0068
CapacityFactor,BAU,GUA,PPDSL,,,,2030,All,,,,,0.0068
CapacityFactor,BAU,GUA,PPDSL,,,,2031,All,,,,,0.0068
CapacityFactor,BAU,GUA,PPDSL,,,,2032,All,,,,,0.0068
CapacityFactor,BAU,GUA,PPDSL,,,,2033,All,,,,,0.0068
CapacityFactor,BAU,GUA,PPDSL,,,,2034,All,,,,,0.0068
CapacityFactor,BAU,GUA,PPDSL,,,,2035,All,,,,,0.0068
CapacityFactor,BAU,GUA,PPDSL,,,,2036,All,,,,,0.0068
CapacityFactor,BAU,GUA,PPDSL,,,,2037,All,,,,,0.0068
CapacityFactor,BAU,GUA,PPDSL,,,,2038,All,,,,,0.0068
CapacityFactor,BAU,GUA,PPDSL,,,,2039,All,,,,,0.0068
CapacityFactor,BAU,GUA,PPDSL,,,,2040,All,,,,,0.0068
CapacityFactor,BAU,GUA,PPDSL,,,,2041,All,,,,,0.0068
CapacityFactor,BAU,GUA,PPDSL,,,,2042,All,,,,,0.0068
CapacityFactor,BAU,GUA,PPDSL,,,,2043,All,,,,,0.0068
CapacityFactor,BAU,GUA,PPDSL,,,,2044,All,,,,,0.0068
CapacityFactor,BAU,GUA,PPDSL,,,,2045,All,,,,,0.0068
CapacityFactor,BAU,GUA,PPDSL,,,,2046,All,,,,,0.0068
CapacityFactor,BAU,GUA,PPDSL,,,,2047,All,,,,,0.0068
CapacityFactor,BAU,GUA,PPDSL,,,,2048,All,,,,,0.0068
CapacityFactor,BAU,GUA,PPDSL,,,,2049,All,,,,,0.0068
CapacityFactor,BAU,GUA,PPDSL,,,,2050,All,,,,,0.0068
CapacityFactor,BAU,GUA,PPFOI,,,,2018,All,,,,,0.0756
CapacityFactor,BAU,GUA,PPFOI,,,,2019,All,,,,,0.0982
CapacityFactor,BAU,GUA,PPFOI,,,,2020,All,,,,,0.046
CapacityFactor,BAU,GUA,PPFOI,,,,2021,All,,,,,0.0511
CapacityFactor,BAU,GUA,PPFOI,,,,2022,All,,,,,0.0383
CapacityFactor,BAU,GUA,PPFOI,,,,2023,All,,,,,0.1264
CapacityFactor,BAU,GUA,PPFOI,,,,2024,All,,,,,0.1264
CapacityFactor,BAU,GUA,PPFOI,,,,2025,All,,,,,0.1264
CapacityFactor,BAU,GUA,PPFOI,,,,2026,All,,,,,0.1264
CapacityFactor,BAU,GUA,PPFOI,,,,2027,All,,,,,0.1264
CapacityFactor,BAU,GUA,PPFOI,,,,2028,All,,,,,0.1264
CapacityFactor,BAU,GUA,PPFOI,,,,2029,All,,,,,0.1264
CapacityFactor,BAU,GUA,PPFOI,,,,2030,All,,,,,0.1264
CapacityFactor,BAU,GUA,PPFOI,,,,2031,All,,,,,0.1264
CapacityFactor,BAU,GUA,PPFOI,,,,2032,All,,,,,0.1264
CapacityFactor,BAU,GUA,PPFOI,,,,2033,All,,,,,0.1264
CapacityFactor,BAU,GUA,PPFOI,,,,2034,All,,,,,0.1264
CapacityFactor,BAU,GUA,PPFOI,,,,2035,All,,,,,0.1264
CapacityFactor,BAU,GUA,PPFOI,,,,2036,All,,,,,0.1264
CapacityFactor,BAU,GUA,PPFOI,,,,2037,All,,,,,0.1264
CapacityFactor,BAU,GUA,PPFOI,,,,2038,All,,,,,0.1264
CapacityFactor,BAU,GUA,PPFOI,,,,2039,All,,,,,0.1264
CapacityFactor,BAU,GUA,PPFOI,,,,2040,All,,,,,0.1264
CapacityFactor,BAU,GUA,PPFOI,,,,2041,All,,,,,0.1264
CapacityFactor,BAU,GUA,PPFOI,,,,2042,All,,,,,0.1264
CapacityFactor,BAU,GUA,PPFOI,,,,2043,All,,,,,0.1264
CapacityFactor,BAU,GUA,PPFOI,,,,2044,All,,,,,0.1264
CapacityFactor,BAU,GUA,PPFOI,,,,2045,All,,,,,0.1264
CapacityFactor,BAU,GUA,PPFOI,,,,2046,All,,,,,0.1264
CapacityFactor,BAU,GUA,PPFOI,,,,2047,All,,,,,0.1264
CapacityFactor,BAU,GUA,PPFOI,,,,2048,All,,,,,0.1264
CapacityFactor,BAU,GUA,PPFOI,,,,2049,All,,,,,0.1264
CapacityFactor,BAU,GUA,PPFOI,,,,2050,All,,,,,0.1264
CapacityFactor,BAU,GUA,PPNGS,,,,2018,All,,,,,0.0
CapacityFactor,BAU,GUA,PPNGS,,,,2019,All,,,,,0.0
CapacityFactor,BAU,GUA,PPNGS,,,,2020,All,,,,,0.1627
CapacityFactor,BAU,GUA,PPNGS,,,,2021,All,,,,,0.3967
CapacityFactor,BAU,GUA,PPNGS,,,,2022,All,,,,,0.2637
CapacityFactor,BAU,GUA,PPNGS,,,,2023,All,,,,,0.2637
CapacityFactor,BAU,GUA,PPNGS,,,,2024,All,,,,,0.3967
CapacityFactor,BAU,GUA,PPNGS,,,,2025,All,,,,,0.3967
CapacityFactor,BAU,GUA,PPNGS,,,,2026,All,,,,,0.3967
CapacityFactor,BAU,GUA,PPNGS,,,,2027,All,,,,,0.3967
CapacityFactor,BAU,GUA,PPNGS,,,,2028,All,,,,,0.3967
CapacityFactor,BAU,GUA,PPNGS,,,,2029,All,,,,,0.3967
CapacityFactor,BAU,GUA,PPNGS,,,,2030,All,,,,,0.3967
CapacityFactor,BAU,GUA,PPNGS,,,,2031,All,,,,,0.3967
CapacityFactor,BAU,GUA,PPNGS,,,,2032,All,,,,,0.3967
CapacityFactor,BAU,GUA,PPNGS,,,,2033,All,,,,,0.3967
CapacityFactor,BAU,GUA,PPNGS,,,,2034,All,,,,,0.3967
CapacityFactor,BAU,GUA,PPNGS,,,,2035,All,,,,,0.3967
CapacityFactor,BAU,GUA,PPNGS,,,,2036,All,,,,,0.3967
CapacityFactor,BAU,GUA,PPNGS,,,,2037,All,,,,,0.3967
CapacityFactor,BAU,GUA,PPNGS,,,,2038,All,,,,,0.3967
CapacityFactor,BAU,GUA,PPNGS,,,,2039,All,,,,,0.3967
CapacityFactor,BAU,GUA,PPNGS,,,,2040,All,,,,,0.3967
CapacityFactor,BAU,GUA,PPNGS,,,,2041,All,,,,,0.3967
CapacityFactor,BAU,GUA,PPNGS,,,,2042,All,,,,,0.3967
CapacityFactor,BAU,GUA,PPNGS,,,,2043,All,,,,,0.3967
CapacityFactor,BAU,GUA,PPNGS,,,,2044,All,,,,,0.3967
CapacityFactor,BAU,GUA,PPNGS,,,,2045,All,,,,,0.3967
CapacityFactor,BAU,GUA,PPNGS,,,,2046,All,,,,,0.3967
CapacityFactor,BAU,GUA,PPNGS,,,,2047,All,,,,,0.3967
CapacityFactor,BAU,GUA,PPNGS,,,,2048,All,,,,,0.3967
CapacityFactor,BAU,GUA,PPNGS,,,,2049,All,,,,,0.3967
CapacityFactor,BAU,GUA,PPNGS,,,,2050,All,,,,,0.3967
CapacityFactor,BAU,GUA,BACKSTOP,,,,2018,All,,,,,1.0
CapacityFactor,BAU,GUA,BACKSTOP,,,,2019,All,,,,,1.0
CapacityFactor,BAU,GUA,BACKSTOP,,,,2020,All,,,,,1.0
CapacityFactor,BAU,GUA,BACKSTOP,,,,2021,All,,,,,1.0
CapacityFactor,BAU,GUA,BACKSTOP,,,,2022,All,,,,,1.0
CapacityFactor,BAU,GUA,BACKSTOP,,,,2023,All,,,,,1.0
CapacityFactor,BAU,GUA,BACKSTOP,,,,2024,All,,,,,1.0
CapacityFactor,BAU,GUA,BACKSTOP,,,,2025,All,,,,,1.0
CapacityFactor,BAU,GUA,BACKSTOP,,,,2026,All,,,,,1.0
CapacityFactor,BAU,GUA,BACKSTOP,,,,2027,All,,,,,1.0
CapacityFactor,BAU,GUA,BACKSTOP,,,,2028,All,,,,,1.0
CapacityFactor,BAU,GUA,BACKSTOP,,,,2029,All,,,,,1.0
CapacityFactor,BAU,GUA,BACKSTOP,,,,2030,All,,,,,1.0
CapacityFactor,BAU,GUA,BACKSTOP,,,,2031,All,,,,,1.0
CapacityFactor,BAU,GUA,BACKSTOP,,,,2032,All,,,,,1.0
CapacityFactor,BAU,GUA,BACKSTOP,,,,2033,All,,,,,1.0
CapacityFactor,BAU,GUA,BACKSTOP,,,,2034,All,,,,,1.0
CapacityFactor,BAU,GUA,BACKSTOP,,,,2035,All,,,,,1.0
CapacityFactor,BAU,GUA,BACKSTOP,,,,2036,All,,,,,1.0
CapacityFactor,BAU,GUA,BACKSTOP,,,,2037,All,,,,,1.0
CapacityFactor,BAU,GUA,BACKSTOP,,,,2038,All,,,,,1.0
CapacityFactor,BAU,GUA,BACKSTOP,,,,2039,All,,,,,1.0
CapacityFactor,BAU,GUA,BACKSTOP,,,,2040,All,,,,,1.0
CapacityFactor,BAU,GUA,BACKSTOP,,,,2041,All,,,,,1.0
CapacityFactor,BAU,GUA,BACKSTOP,,,,2042,All,,,,,1.0
CapacityFactor,BAU,GUA,BACKSTOP,,,,2043,All,,,,,1.0
CapacityFactor,BAU,GUA,BACKSTOP,,,,2044,All,,,,,1.0
CapacityFactor,BAU,GUA,BACKSTOP,,,,2045,All,,,,,1.0
CapacityFactor,BAU,GUA,BACKSTOP,,,,2046,All,,,,,1.0
CapacityFactor,BAU,GUA,BACKSTOP,,,,2047,All,,,,,1.0
CapacityFactor,BAU,GUA,BACKSTOP,,,,2048,All,,,,,1.0
CapacityFactor,BAU,GUA,BACKSTOP,,,,2049,All,,,,,1.0
CapacityFactor,BAU,GUA,BACKSTOP,,,,2050,All,,,,,1.0
